[2026-03-15 22:59:29] [INFO] === Brain Sync ===
[2026-03-15 22:59:29] [WARN]   [?] Master Tracker.md
[2026-03-15 22:59:29] [WARN]   [?] Dashboard.md
[2026-03-15 22:59:29] [WARN]   [?] Daily Log.md
[2026-03-15 22:59:29] [INFO]   [+] roadmap.md
[2026-03-15 22:59:29] [INFO]   [+] strategies.md
[2026-03-15 22:59:29] [INFO]   [+] system-architecture.md
[2026-03-15 22:59:31] [INFO] Pushed
[2026-03-15 22:59:31] [INFO] === Complete ===
[2026-03-15 23:01:45] [INFO] === Brain Sync ===
[2026-03-15 23:01:45] [WARN]   [?] Master Tracker.md
[2026-03-15 23:01:45] [WARN]   [?] Dashboard.md
[2026-03-15 23:01:45] [WARN]   [?] Daily Log.md
[2026-03-15 23:01:45] [INFO]   [+] roadmap.md
[2026-03-15 23:01:45] [INFO]   [+] strategies.md
[2026-03-15 23:01:45] [INFO]   [+] system-architecture.md
[2026-03-15 23:01:48] [INFO] Pushed
[2026-03-15 23:01:48] [INFO] === Complete ===
[2026-03-15 23:06:51] [INFO] === Brain Sync ===
[2026-03-15 23:06:51] [WARN]   [?] Master Tracker.md
[2026-03-15 23:06:51] [WARN]   [?] Dashboard.md
[2026-03-15 23:06:51] [WARN]   [?] Daily Log.md
[2026-03-15 23:06:51] [INFO]   [+] roadmap.md
[2026-03-15 23:06:51] [INFO]   [+] strategies.md
[2026-03-15 23:06:51] [INFO]   [+] system-architecture.md
[2026-03-15 23:06:51] [INFO] No changes
[2026-03-15 23:06:51] [INFO] === Complete ===
[2026-03-15 23:11:46] [INFO] === Brain Sync ===
[2026-03-15 23:11:46] [WARN]   [?] Master Tracker.md
[2026-03-15 23:11:46] [WARN]   [?] Dashboard.md
[2026-03-15 23:11:46] [WARN]   [?] Daily Log.md
[2026-03-15 23:11:46] [INFO]   [+] roadmap.md
[2026-03-15 23:11:46] [INFO]   [+] strategies.md
[2026-03-15 23:11:46] [INFO]   [+] system-architecture.md
[2026-03-15 23:11:46] [INFO] No changes
[2026-03-15 23:11:46] [INFO] === Complete ===
[2026-03-15 23:16:49] [INFO] === Brain Sync ===
[2026-03-15 23:16:49] [WARN]   [?] Master Tracker.md
[2026-03-15 23:16:49] [WARN]   [?] Dashboard.md
[2026-03-15 23:16:49] [WARN]   [?] Daily Log.md
[2026-03-15 23:16:49] [INFO]   [+] roadmap.md
[2026-03-15 23:16:49] [INFO]   [+] strategies.md
[2026-03-15 23:16:49] [INFO]   [+] system-architecture.md
[2026-03-15 23:16:50] [INFO] No changes
[2026-03-15 23:16:50] [INFO] === Complete ===
[2026-03-15 23:21:46] [INFO] === Brain Sync ===
[2026-03-15 23:21:46] [WARN]   [?] Master Tracker.md
[2026-03-15 23:21:46] [WARN]   [?] Dashboard.md
[2026-03-15 23:21:46] [WARN]   [?] Daily Log.md
[2026-03-15 23:21:46] [INFO]   [+] roadmap.md
[2026-03-15 23:21:46] [INFO]   [+] strategies.md
[2026-03-15 23:21:46] [INFO]   [+] system-architecture.md
[2026-03-15 23:21:46] [INFO] No changes
[2026-03-15 23:21:46] [INFO] === Complete ===
[2026-03-15 23:27:38] [INFO] === Brain Sync ===
[2026-03-15 23:27:38] [WARN]   [?] Master Tracker.md
[2026-03-15 23:27:38] [WARN]   [?] Dashboard.md
[2026-03-15 23:27:38] [WARN]   [?] Daily Log.md
[2026-03-15 23:27:39] [INFO]   [+] roadmap.md
[2026-03-15 23:27:39] [INFO]   [+] strategies.md
[2026-03-15 23:27:39] [INFO]   [+] system-architecture.md
[2026-03-15 23:27:39] [INFO] No changes
[2026-03-15 23:27:39] [INFO] === Complete ===
[2026-03-15 23:31:47] [INFO] === Brain Sync ===
[2026-03-15 23:31:47] [WARN]   [?] Master Tracker.md
[2026-03-15 23:31:47] [WARN]   [?] Dashboard.md
[2026-03-15 23:31:47] [WARN]   [?] Daily Log.md
[2026-03-15 23:31:47] [INFO]   [+] roadmap.md
[2026-03-15 23:31:47] [INFO]   [+] strategies.md
[2026-03-15 23:31:47] [INFO]   [+] system-architecture.md
[2026-03-15 23:31:47] [INFO] No changes
[2026-03-15 23:31:47] [INFO] === Complete ===
[2026-03-15 23:36:47] [INFO] === Brain Sync ===
[2026-03-15 23:36:47] [WARN]   [?] Master Tracker.md
[2026-03-15 23:36:47] [WARN]   [?] Dashboard.md
[2026-03-15 23:36:47] [WARN]   [?] Daily Log.md
[2026-03-15 23:36:47] [INFO]   [+] roadmap.md
[2026-03-15 23:36:47] [INFO]   [+] strategies.md
[2026-03-15 23:36:47] [INFO]   [+] system-architecture.md
[2026-03-15 23:36:47] [INFO] No changes
[2026-03-15 23:36:47] [INFO] === Complete ===
[2026-03-15 23:42:09] [INFO] === Brain Sync ===
[2026-03-15 23:42:10] [WARN]   [?] Master Tracker.md
[2026-03-15 23:42:10] [WARN]   [?] Dashboard.md
[2026-03-15 23:42:10] [WARN]   [?] Daily Log.md
[2026-03-15 23:42:10] [INFO]   [+] roadmap.md
[2026-03-15 23:42:10] [INFO]   [+] strategies.md
[2026-03-15 23:42:10] [INFO]   [+] system-architecture.md
[2026-03-15 23:42:10] [INFO] No changes
[2026-03-15 23:42:10] [INFO] === Complete ===
[2026-03-15 23:46:50] [INFO] === Brain Sync ===
[2026-03-15 23:46:51] [WARN]   [?] Master Tracker.md
[2026-03-15 23:46:51] [WARN]   [?] Dashboard.md
[2026-03-15 23:46:51] [WARN]   [?] Daily Log.md
[2026-03-15 23:46:51] [INFO]   [+] roadmap.md
[2026-03-15 23:46:51] [INFO]   [+] strategies.md
[2026-03-15 23:46:51] [INFO]   [+] system-architecture.md
[2026-03-15 23:46:51] [INFO] No changes
[2026-03-15 23:46:51] [INFO] === Complete ===
[2026-03-15 23:52:16] [INFO] === Brain Sync ===
[2026-03-15 23:52:16] [WARN]   [?] Master Tracker.md
[2026-03-15 23:52:16] [WARN]   [?] Dashboard.md
[2026-03-15 23:52:16] [WARN]   [?] Daily Log.md
[2026-03-15 23:52:17] [INFO]   [+] roadmap.md
[2026-03-15 23:52:17] [INFO]   [+] strategies.md
[2026-03-15 23:52:17] [INFO]   [+] system-architecture.md
[2026-03-15 23:52:17] [INFO] No changes
[2026-03-15 23:52:17] [INFO] === Complete ===
[2026-03-15 23:57:14] [INFO] === Brain Sync ===
[2026-03-15 23:57:15] [WARN]   [?] Master Tracker.md
[2026-03-15 23:57:15] [WARN]   [?] Dashboard.md
[2026-03-15 23:57:15] [WARN]   [?] Daily Log.md
[2026-03-15 23:57:15] [INFO]   [+] roadmap.md
[2026-03-15 23:57:16] [INFO]   [+] strategies.md
[2026-03-15 23:57:17] [INFO]   [+] system-architecture.md
[2026-03-15 23:57:20] [INFO] No changes
[2026-03-15 23:57:20] [INFO] === Complete ===
[2026-03-16 00:01:47] [INFO] === Brain Sync ===
[2026-03-16 00:01:47] [WARN]   [?] Master Tracker.md
[2026-03-16 00:01:47] [WARN]   [?] Dashboard.md
[2026-03-16 00:01:47] [WARN]   [?] Daily Log.md
[2026-03-16 00:01:47] [INFO]   [+] roadmap.md
[2026-03-16 00:01:47] [INFO]   [+] strategies.md
[2026-03-16 00:01:47] [INFO]   [+] system-architecture.md
[2026-03-16 00:01:47] [INFO] No changes
[2026-03-16 00:01:47] [INFO] === Complete ===
[2026-03-16 00:06:49] [INFO] === Brain Sync ===
[2026-03-16 00:06:49] [WARN]   [?] Master Tracker.md
[2026-03-16 00:06:49] [WARN]   [?] Dashboard.md
[2026-03-16 00:06:49] [WARN]   [?] Daily Log.md
[2026-03-16 00:06:49] [INFO]   [+] roadmap.md
[2026-03-16 00:06:49] [INFO]   [+] strategies.md
[2026-03-16 00:06:49] [INFO]   [+] system-architecture.md
[2026-03-16 00:06:51] [INFO] Pushed
[2026-03-16 00:06:51] [INFO] === Complete ===
[2026-03-16 00:11:59] [INFO] === Brain Sync ===
[2026-03-16 00:11:59] [WARN]   [?] Master Tracker.md
[2026-03-16 00:11:59] [WARN]   [?] Dashboard.md
[2026-03-16 00:11:59] [WARN]   [?] Daily Log.md
[2026-03-16 00:11:59] [INFO]   [+] roadmap.md
[2026-03-16 00:11:59] [INFO]   [+] strategies.md
[2026-03-16 00:11:59] [INFO]   [+] system-architecture.md
[2026-03-16 00:11:59] [INFO] No changes
[2026-03-16 00:11:59] [INFO] === Complete ===
[2026-03-16 00:16:46] [INFO] === Brain Sync ===
[2026-03-16 00:16:46] [WARN]   [?] Master Tracker.md
[2026-03-16 00:16:46] [WARN]   [?] Dashboard.md
[2026-03-16 00:16:46] [WARN]   [?] Daily Log.md
[2026-03-16 00:16:46] [INFO]   [+] roadmap.md
[2026-03-16 00:16:46] [INFO]   [+] strategies.md
[2026-03-16 00:16:46] [INFO]   [+] system-architecture.md
[2026-03-16 00:16:46] [INFO] No changes
[2026-03-16 00:16:46] [INFO] === Complete ===
[2026-03-16 00:21:46] [INFO] === Brain Sync ===
[2026-03-16 00:21:46] [WARN]   [?] Master Tracker.md
[2026-03-16 00:21:46] [WARN]   [?] Dashboard.md
[2026-03-16 00:21:46] [WARN]   [?] Daily Log.md
[2026-03-16 00:21:46] [INFO]   [+] roadmap.md
[2026-03-16 00:21:46] [INFO]   [+] strategies.md
[2026-03-16 00:21:46] [INFO]   [+] system-architecture.md
[2026-03-16 00:21:46] [INFO] No changes
[2026-03-16 00:21:46] [INFO] === Complete ===
[2026-03-16 00:26:46] [INFO] === Brain Sync ===
[2026-03-16 00:26:46] [WARN]   [?] Master Tracker.md
[2026-03-16 00:26:46] [WARN]   [?] Dashboard.md
[2026-03-16 00:26:46] [WARN]   [?] Daily Log.md
[2026-03-16 00:26:46] [INFO]   [+] roadmap.md
[2026-03-16 00:26:46] [INFO]   [+] strategies.md
[2026-03-16 00:26:46] [INFO]   [+] system-architecture.md
[2026-03-16 00:26:46] [INFO] No changes
[2026-03-16 00:26:46] [INFO] === Complete ===
[2026-03-16 00:31:46] [INFO] === Brain Sync ===
[2026-03-16 00:31:46] [WARN]   [?] Master Tracker.md
[2026-03-16 00:31:46] [WARN]   [?] Dashboard.md
[2026-03-16 00:31:46] [WARN]   [?] Daily Log.md
[2026-03-16 00:31:46] [INFO]   [+] roadmap.md
[2026-03-16 00:31:46] [INFO]   [+] strategies.md
[2026-03-16 00:31:46] [INFO]   [+] system-architecture.md
[2026-03-16 00:31:46] [INFO] No changes
[2026-03-16 00:31:46] [INFO] === Complete ===
[2026-03-16 00:36:46] [INFO] === Brain Sync ===
[2026-03-16 00:36:46] [WARN]   [?] Master Tracker.md
[2026-03-16 00:36:46] [WARN]   [?] Dashboard.md
[2026-03-16 00:36:46] [WARN]   [?] Daily Log.md
[2026-03-16 00:36:46] [INFO]   [+] roadmap.md
[2026-03-16 00:36:46] [INFO]   [+] strategies.md
[2026-03-16 00:36:46] [INFO]   [+] system-architecture.md
[2026-03-16 00:36:46] [INFO] No changes
[2026-03-16 00:36:46] [INFO] === Complete ===
[2026-03-16 00:41:46] [INFO] === Brain Sync ===
[2026-03-16 00:41:46] [WARN]   [?] Master Tracker.md
[2026-03-16 00:41:46] [WARN]   [?] Dashboard.md
[2026-03-16 00:41:46] [WARN]   [?] Daily Log.md
[2026-03-16 00:41:46] [INFO]   [+] roadmap.md
[2026-03-16 00:41:46] [INFO]   [+] strategies.md
[2026-03-16 00:41:46] [INFO]   [+] system-architecture.md
[2026-03-16 00:41:46] [INFO] No changes
[2026-03-16 00:41:46] [INFO] === Complete ===
[2026-03-16 00:46:46] [INFO] === Brain Sync ===
[2026-03-16 00:46:46] [WARN]   [?] Master Tracker.md
[2026-03-16 00:46:46] [WARN]   [?] Dashboard.md
[2026-03-16 00:46:46] [WARN]   [?] Daily Log.md
[2026-03-16 00:46:46] [INFO]   [+] roadmap.md
[2026-03-16 00:46:46] [INFO]   [+] strategies.md
[2026-03-16 00:46:46] [INFO]   [+] system-architecture.md
[2026-03-16 00:46:46] [INFO] No changes
[2026-03-16 00:46:46] [INFO] === Complete ===
[2026-03-16 00:51:46] [INFO] === Brain Sync ===
[2026-03-16 00:51:46] [WARN]   [?] Master Tracker.md
[2026-03-16 00:51:46] [WARN]   [?] Dashboard.md
[2026-03-16 00:51:46] [WARN]   [?] Daily Log.md
[2026-03-16 00:51:46] [INFO]   [+] roadmap.md
[2026-03-16 00:51:46] [INFO]   [+] strategies.md
[2026-03-16 00:51:46] [INFO]   [+] system-architecture.md
[2026-03-16 00:51:46] [INFO] No changes
[2026-03-16 00:51:46] [INFO] === Complete ===
[2026-03-16 00:56:46] [INFO] === Brain Sync ===
[2026-03-16 00:56:46] [WARN]   [?] Master Tracker.md
[2026-03-16 00:56:46] [WARN]   [?] Dashboard.md
[2026-03-16 00:56:46] [WARN]   [?] Daily Log.md
[2026-03-16 00:56:46] [INFO]   [+] roadmap.md
[2026-03-16 00:56:46] [INFO]   [+] strategies.md
[2026-03-16 00:56:46] [INFO]   [+] system-architecture.md
[2026-03-16 00:56:46] [INFO] No changes
[2026-03-16 00:56:46] [INFO] === Complete ===
[2026-03-16 01:01:46] [INFO] === Brain Sync ===
[2026-03-16 01:01:46] [WARN]   [?] Master Tracker.md
[2026-03-16 01:01:46] [WARN]   [?] Dashboard.md
[2026-03-16 01:01:46] [WARN]   [?] Daily Log.md
[2026-03-16 01:01:46] [INFO]   [+] roadmap.md
[2026-03-16 01:01:46] [INFO]   [+] strategies.md
[2026-03-16 01:01:46] [INFO]   [+] system-architecture.md
[2026-03-16 01:01:46] [INFO] No changes
[2026-03-16 01:01:46] [INFO] === Complete ===
[2026-03-16 01:06:46] [INFO] === Brain Sync ===
[2026-03-16 01:06:46] [WARN]   [?] Master Tracker.md
[2026-03-16 01:06:46] [WARN]   [?] Dashboard.md
[2026-03-16 01:06:46] [WARN]   [?] Daily Log.md
[2026-03-16 01:06:46] [INFO]   [+] roadmap.md
[2026-03-16 01:06:46] [INFO]   [+] strategies.md
[2026-03-16 01:06:46] [INFO]   [+] system-architecture.md
[2026-03-16 01:06:46] [INFO] No changes
[2026-03-16 01:06:46] [INFO] === Complete ===
[2026-03-16 01:11:46] [INFO] === Brain Sync ===
[2026-03-16 01:11:46] [WARN]   [?] Master Tracker.md
[2026-03-16 01:11:46] [WARN]   [?] Dashboard.md
[2026-03-16 01:11:46] [WARN]   [?] Daily Log.md
[2026-03-16 01:11:46] [INFO]   [+] roadmap.md
[2026-03-16 01:11:46] [INFO]   [+] strategies.md
[2026-03-16 01:11:46] [INFO]   [+] system-architecture.md
[2026-03-16 01:11:46] [INFO] No changes
[2026-03-16 01:11:46] [INFO] === Complete ===
[2026-03-16 01:16:46] [INFO] === Brain Sync ===
[2026-03-16 01:16:46] [WARN]   [?] Master Tracker.md
[2026-03-16 01:16:46] [WARN]   [?] Dashboard.md
[2026-03-16 01:16:46] [WARN]   [?] Daily Log.md
[2026-03-16 01:16:46] [INFO]   [+] roadmap.md
[2026-03-16 01:16:46] [INFO]   [+] strategies.md
[2026-03-16 01:16:46] [INFO]   [+] system-architecture.md
[2026-03-16 01:16:46] [INFO] No changes
[2026-03-16 01:16:46] [INFO] === Complete ===
[2026-03-16 01:21:46] [INFO] === Brain Sync ===
[2026-03-16 01:21:46] [WARN]   [?] Master Tracker.md
[2026-03-16 01:21:46] [WARN]   [?] Dashboard.md
[2026-03-16 01:21:46] [WARN]   [?] Daily Log.md
[2026-03-16 01:21:46] [INFO]   [+] roadmap.md
[2026-03-16 01:21:46] [INFO]   [+] strategies.md
[2026-03-16 01:21:46] [INFO]   [+] system-architecture.md
[2026-03-16 01:21:46] [INFO] No changes
[2026-03-16 01:21:46] [INFO] === Complete ===
[2026-03-16 01:26:46] [INFO] === Brain Sync ===
[2026-03-16 01:26:46] [WARN]   [?] Master Tracker.md
[2026-03-16 01:26:46] [WARN]   [?] Dashboard.md
[2026-03-16 01:26:46] [WARN]   [?] Daily Log.md
[2026-03-16 01:26:46] [INFO]   [+] roadmap.md
[2026-03-16 01:26:46] [INFO]   [+] strategies.md
[2026-03-16 01:26:46] [INFO]   [+] system-architecture.md
[2026-03-16 01:26:46] [INFO] No changes
[2026-03-16 01:26:46] [INFO] === Complete ===
[2026-03-16 01:31:46] [INFO] === Brain Sync ===
[2026-03-16 01:31:46] [WARN]   [?] Master Tracker.md
[2026-03-16 01:31:46] [WARN]   [?] Dashboard.md
[2026-03-16 01:31:46] [WARN]   [?] Daily Log.md
[2026-03-16 01:31:46] [INFO]   [+] roadmap.md
[2026-03-16 01:31:46] [INFO]   [+] strategies.md
[2026-03-16 01:31:46] [INFO]   [+] system-architecture.md
[2026-03-16 01:31:46] [INFO] No changes
[2026-03-16 01:31:46] [INFO] === Complete ===
[2026-03-16 01:36:46] [INFO] === Brain Sync ===
[2026-03-16 01:36:46] [WARN]   [?] Master Tracker.md
[2026-03-16 01:36:46] [WARN]   [?] Dashboard.md
[2026-03-16 01:36:46] [WARN]   [?] Daily Log.md
[2026-03-16 01:36:46] [INFO]   [+] roadmap.md
[2026-03-16 01:36:46] [INFO]   [+] strategies.md
[2026-03-16 01:36:46] [INFO]   [+] system-architecture.md
[2026-03-16 01:36:46] [INFO] No changes
[2026-03-16 01:36:46] [INFO] === Complete ===
[2026-03-16 01:41:46] [INFO] === Brain Sync ===
[2026-03-16 01:41:46] [WARN]   [?] Master Tracker.md
[2026-03-16 01:41:46] [WARN]   [?] Dashboard.md
[2026-03-16 01:41:46] [WARN]   [?] Daily Log.md
[2026-03-16 01:41:46] [INFO]   [+] roadmap.md
[2026-03-16 01:41:46] [INFO]   [+] strategies.md
[2026-03-16 01:41:46] [INFO]   [+] system-architecture.md
[2026-03-16 01:41:46] [INFO] No changes
[2026-03-16 01:41:46] [INFO] === Complete ===
[2026-03-16 01:46:46] [INFO] === Brain Sync ===
[2026-03-16 01:46:46] [WARN]   [?] Master Tracker.md
[2026-03-16 01:46:46] [WARN]   [?] Dashboard.md
[2026-03-16 01:46:46] [WARN]   [?] Daily Log.md
[2026-03-16 01:46:46] [INFO]   [+] roadmap.md
[2026-03-16 01:46:46] [INFO]   [+] strategies.md
[2026-03-16 01:46:46] [INFO]   [+] system-architecture.md
[2026-03-16 01:46:46] [INFO] No changes
[2026-03-16 01:46:46] [INFO] === Complete ===
[2026-03-16 01:51:46] [INFO] === Brain Sync ===
[2026-03-16 01:51:46] [WARN]   [?] Master Tracker.md
[2026-03-16 01:51:46] [WARN]   [?] Dashboard.md
[2026-03-16 01:51:46] [WARN]   [?] Daily Log.md
[2026-03-16 01:51:46] [INFO]   [+] roadmap.md
[2026-03-16 01:51:46] [INFO]   [+] strategies.md
[2026-03-16 01:51:46] [INFO]   [+] system-architecture.md
[2026-03-16 01:51:46] [INFO] No changes
[2026-03-16 01:51:46] [INFO] === Complete ===
[2026-03-16 01:56:46] [INFO] === Brain Sync ===
[2026-03-16 01:56:46] [WARN]   [?] Master Tracker.md
[2026-03-16 01:56:46] [WARN]   [?] Dashboard.md
[2026-03-16 01:56:46] [WARN]   [?] Daily Log.md
[2026-03-16 01:56:46] [INFO]   [+] roadmap.md
[2026-03-16 01:56:46] [INFO]   [+] strategies.md
[2026-03-16 01:56:46] [INFO]   [+] system-architecture.md
[2026-03-16 01:56:46] [INFO] No changes
[2026-03-16 01:56:46] [INFO] === Complete ===
[2026-03-16 02:01:46] [INFO] === Brain Sync ===
[2026-03-16 02:01:46] [WARN]   [?] Master Tracker.md
[2026-03-16 02:01:46] [WARN]   [?] Dashboard.md
[2026-03-16 02:01:46] [WARN]   [?] Daily Log.md
[2026-03-16 02:01:46] [INFO]   [+] roadmap.md
[2026-03-16 02:01:46] [INFO]   [+] strategies.md
[2026-03-16 02:01:46] [INFO]   [+] system-architecture.md
[2026-03-16 02:01:46] [INFO] No changes
[2026-03-16 02:01:46] [INFO] === Complete ===
[2026-03-16 02:06:46] [INFO] === Brain Sync ===
[2026-03-16 02:06:46] [WARN]   [?] Master Tracker.md
[2026-03-16 02:06:46] [WARN]   [?] Dashboard.md
[2026-03-16 02:06:46] [WARN]   [?] Daily Log.md
[2026-03-16 02:06:46] [INFO]   [+] roadmap.md
[2026-03-16 02:06:46] [INFO]   [+] strategies.md
[2026-03-16 02:06:46] [INFO]   [+] system-architecture.md
[2026-03-16 02:06:46] [INFO] No changes
[2026-03-16 02:06:46] [INFO] === Complete ===
[2026-03-16 02:11:46] [INFO] === Brain Sync ===
[2026-03-16 02:11:46] [WARN]   [?] Master Tracker.md
[2026-03-16 02:11:46] [WARN]   [?] Dashboard.md
[2026-03-16 02:11:46] [WARN]   [?] Daily Log.md
[2026-03-16 02:11:46] [INFO]   [+] roadmap.md
[2026-03-16 02:11:46] [INFO]   [+] strategies.md
[2026-03-16 02:11:46] [INFO]   [+] system-architecture.md
[2026-03-16 02:11:46] [INFO] No changes
[2026-03-16 02:11:46] [INFO] === Complete ===
[2026-03-16 02:16:46] [INFO] === Brain Sync ===
[2026-03-16 02:16:46] [WARN]   [?] Master Tracker.md
[2026-03-16 02:16:46] [WARN]   [?] Dashboard.md
[2026-03-16 02:16:46] [WARN]   [?] Daily Log.md
[2026-03-16 02:16:46] [INFO]   [+] roadmap.md
[2026-03-16 02:16:46] [INFO]   [+] strategies.md
[2026-03-16 02:16:46] [INFO]   [+] system-architecture.md
[2026-03-16 02:16:46] [INFO] No changes
[2026-03-16 02:16:46] [INFO] === Complete ===
[2026-03-16 02:21:46] [INFO] === Brain Sync ===
[2026-03-16 02:21:46] [WARN]   [?] Master Tracker.md
[2026-03-16 02:21:46] [WARN]   [?] Dashboard.md
[2026-03-16 02:21:46] [WARN]   [?] Daily Log.md
[2026-03-16 02:21:46] [INFO]   [+] roadmap.md
[2026-03-16 02:21:46] [INFO]   [+] strategies.md
[2026-03-16 02:21:46] [INFO]   [+] system-architecture.md
[2026-03-16 02:21:46] [INFO] No changes
[2026-03-16 02:21:46] [INFO] === Complete ===
[2026-03-16 02:26:46] [INFO] === Brain Sync ===
[2026-03-16 02:26:46] [WARN]   [?] Master Tracker.md
[2026-03-16 02:26:46] [WARN]   [?] Dashboard.md
[2026-03-16 02:26:46] [WARN]   [?] Daily Log.md
[2026-03-16 02:26:46] [INFO]   [+] roadmap.md
[2026-03-16 02:26:46] [INFO]   [+] strategies.md
[2026-03-16 02:26:46] [INFO]   [+] system-architecture.md
[2026-03-16 02:26:46] [INFO] No changes
[2026-03-16 02:26:46] [INFO] === Complete ===
[2026-03-16 02:31:46] [INFO] === Brain Sync ===
[2026-03-16 02:31:46] [WARN]   [?] Master Tracker.md
[2026-03-16 02:31:46] [WARN]   [?] Dashboard.md
[2026-03-16 02:31:46] [WARN]   [?] Daily Log.md
[2026-03-16 02:31:46] [INFO]   [+] roadmap.md
[2026-03-16 02:31:46] [INFO]   [+] strategies.md
[2026-03-16 02:31:46] [INFO]   [+] system-architecture.md
[2026-03-16 02:31:46] [INFO] No changes
[2026-03-16 02:31:46] [INFO] === Complete ===
[2026-03-16 02:36:46] [INFO] === Brain Sync ===
[2026-03-16 02:36:46] [WARN]   [?] Master Tracker.md
[2026-03-16 02:36:46] [WARN]   [?] Dashboard.md
[2026-03-16 02:36:46] [WARN]   [?] Daily Log.md
[2026-03-16 02:36:46] [INFO]   [+] roadmap.md
[2026-03-16 02:36:46] [INFO]   [+] strategies.md
[2026-03-16 02:36:46] [INFO]   [+] system-architecture.md
[2026-03-16 02:36:46] [INFO] No changes
[2026-03-16 02:36:46] [INFO] === Complete ===
[2026-03-16 02:41:46] [INFO] === Brain Sync ===
[2026-03-16 02:41:46] [WARN]   [?] Master Tracker.md
[2026-03-16 02:41:46] [WARN]   [?] Dashboard.md
[2026-03-16 02:41:46] [WARN]   [?] Daily Log.md
[2026-03-16 02:41:46] [INFO]   [+] roadmap.md
[2026-03-16 02:41:46] [INFO]   [+] strategies.md
[2026-03-16 02:41:46] [INFO]   [+] system-architecture.md
[2026-03-16 02:41:46] [INFO] No changes
[2026-03-16 02:41:46] [INFO] === Complete ===
[2026-03-16 02:46:46] [INFO] === Brain Sync ===
[2026-03-16 02:46:46] [WARN]   [?] Master Tracker.md
[2026-03-16 02:46:46] [WARN]   [?] Dashboard.md
[2026-03-16 02:46:46] [WARN]   [?] Daily Log.md
[2026-03-16 02:46:46] [INFO]   [+] roadmap.md
[2026-03-16 02:46:46] [INFO]   [+] strategies.md
[2026-03-16 02:46:46] [INFO]   [+] system-architecture.md
[2026-03-16 02:46:46] [INFO] No changes
[2026-03-16 02:46:46] [INFO] === Complete ===
[2026-03-16 02:51:45] [INFO] === Brain Sync ===
[2026-03-16 02:51:45] [WARN]   [?] Master Tracker.md
[2026-03-16 02:51:45] [WARN]   [?] Dashboard.md
[2026-03-16 02:51:45] [WARN]   [?] Daily Log.md
[2026-03-16 02:51:45] [INFO]   [+] roadmap.md
[2026-03-16 02:51:45] [INFO]   [+] strategies.md
[2026-03-16 02:51:45] [INFO]   [+] system-architecture.md
[2026-03-16 02:51:45] [INFO] No changes
[2026-03-16 02:51:45] [INFO] === Complete ===
[2026-03-16 02:56:45] [INFO] === Brain Sync ===
[2026-03-16 02:56:45] [WARN]   [?] Master Tracker.md
[2026-03-16 02:56:45] [WARN]   [?] Dashboard.md
[2026-03-16 02:56:45] [WARN]   [?] Daily Log.md
[2026-03-16 02:56:45] [INFO]   [+] roadmap.md
[2026-03-16 02:56:45] [INFO]   [+] strategies.md
[2026-03-16 02:56:45] [INFO]   [+] system-architecture.md
[2026-03-16 02:56:45] [INFO] No changes
[2026-03-16 02:56:45] [INFO] === Complete ===
[2026-03-16 03:01:45] [INFO] === Brain Sync ===
[2026-03-16 03:01:45] [WARN]   [?] Master Tracker.md
[2026-03-16 03:01:45] [WARN]   [?] Dashboard.md
[2026-03-16 03:01:45] [WARN]   [?] Daily Log.md
[2026-03-16 03:01:45] [INFO]   [+] roadmap.md
[2026-03-16 03:01:45] [INFO]   [+] strategies.md
[2026-03-16 03:01:45] [INFO]   [+] system-architecture.md
[2026-03-16 03:01:45] [INFO] No changes
[2026-03-16 03:01:45] [INFO] === Complete ===
[2026-03-16 03:06:45] [INFO] === Brain Sync ===
[2026-03-16 03:06:45] [WARN]   [?] Master Tracker.md
[2026-03-16 03:06:45] [WARN]   [?] Dashboard.md
[2026-03-16 03:06:45] [WARN]   [?] Daily Log.md
[2026-03-16 03:06:45] [INFO]   [+] roadmap.md
[2026-03-16 03:06:45] [INFO]   [+] strategies.md
[2026-03-16 03:06:45] [INFO]   [+] system-architecture.md
[2026-03-16 03:06:46] [INFO] Pushed
[2026-03-16 03:06:46] [INFO] === Complete ===
[2026-03-16 03:11:45] [INFO] === Brain Sync ===
[2026-03-16 03:11:45] [WARN]   [?] Master Tracker.md
[2026-03-16 03:11:45] [WARN]   [?] Dashboard.md
[2026-03-16 03:11:45] [WARN]   [?] Daily Log.md
[2026-03-16 03:11:45] [INFO]   [+] roadmap.md
[2026-03-16 03:11:45] [INFO]   [+] strategies.md
[2026-03-16 03:11:45] [INFO]   [+] system-architecture.md
[2026-03-16 03:11:45] [INFO] No changes
[2026-03-16 03:11:45] [INFO] === Complete ===
[2026-03-16 03:16:45] [INFO] === Brain Sync ===
[2026-03-16 03:16:45] [WARN]   [?] Master Tracker.md
[2026-03-16 03:16:45] [WARN]   [?] Dashboard.md
[2026-03-16 03:16:45] [WARN]   [?] Daily Log.md
[2026-03-16 03:16:45] [INFO]   [+] roadmap.md
[2026-03-16 03:16:45] [INFO]   [+] strategies.md
[2026-03-16 03:16:45] [INFO]   [+] system-architecture.md
[2026-03-16 03:16:45] [INFO] No changes
[2026-03-16 03:16:45] [INFO] === Complete ===
[2026-03-16 03:21:45] [INFO] === Brain Sync ===
[2026-03-16 03:21:45] [WARN]   [?] Master Tracker.md
[2026-03-16 03:21:45] [WARN]   [?] Dashboard.md
[2026-03-16 03:21:45] [WARN]   [?] Daily Log.md
[2026-03-16 03:21:45] [INFO]   [+] roadmap.md
[2026-03-16 03:21:45] [INFO]   [+] strategies.md
[2026-03-16 03:21:45] [INFO]   [+] system-architecture.md
[2026-03-16 03:21:45] [INFO] No changes
[2026-03-16 03:21:45] [INFO] === Complete ===
[2026-03-16 03:26:45] [INFO] === Brain Sync ===
[2026-03-16 03:26:45] [WARN]   [?] Master Tracker.md
[2026-03-16 03:26:45] [WARN]   [?] Dashboard.md
[2026-03-16 03:26:45] [WARN]   [?] Daily Log.md
[2026-03-16 03:26:45] [INFO]   [+] roadmap.md
[2026-03-16 03:26:45] [INFO]   [+] strategies.md
[2026-03-16 03:26:45] [INFO]   [+] system-architecture.md
[2026-03-16 03:26:45] [INFO] No changes
[2026-03-16 03:26:45] [INFO] === Complete ===
[2026-03-16 03:31:45] [INFO] === Brain Sync ===
[2026-03-16 03:31:45] [WARN]   [?] Master Tracker.md
[2026-03-16 03:31:45] [WARN]   [?] Dashboard.md
[2026-03-16 03:31:45] [WARN]   [?] Daily Log.md
[2026-03-16 03:31:45] [INFO]   [+] roadmap.md
[2026-03-16 03:31:45] [INFO]   [+] strategies.md
[2026-03-16 03:31:45] [INFO]   [+] system-architecture.md
[2026-03-16 03:31:45] [INFO] No changes
[2026-03-16 03:31:45] [INFO] === Complete ===
[2026-03-16 03:36:45] [INFO] === Brain Sync ===
[2026-03-16 03:36:45] [WARN]   [?] Master Tracker.md
[2026-03-16 03:36:45] [WARN]   [?] Dashboard.md
[2026-03-16 03:36:45] [WARN]   [?] Daily Log.md
[2026-03-16 03:36:45] [INFO]   [+] roadmap.md
[2026-03-16 03:36:45] [INFO]   [+] strategies.md
[2026-03-16 03:36:45] [INFO]   [+] system-architecture.md
[2026-03-16 03:36:45] [INFO] No changes
[2026-03-16 03:36:45] [INFO] === Complete ===
[2026-03-16 03:41:45] [INFO] === Brain Sync ===
[2026-03-16 03:41:45] [WARN]   [?] Master Tracker.md
[2026-03-16 03:41:45] [WARN]   [?] Dashboard.md
[2026-03-16 03:41:45] [WARN]   [?] Daily Log.md
[2026-03-16 03:41:45] [INFO]   [+] roadmap.md
[2026-03-16 03:41:45] [INFO]   [+] strategies.md
[2026-03-16 03:41:45] [INFO]   [+] system-architecture.md
[2026-03-16 03:41:45] [INFO] No changes
[2026-03-16 03:41:45] [INFO] === Complete ===
[2026-03-16 03:46:45] [INFO] === Brain Sync ===
[2026-03-16 03:46:45] [WARN]   [?] Master Tracker.md
[2026-03-16 03:46:45] [WARN]   [?] Dashboard.md
[2026-03-16 03:46:45] [WARN]   [?] Daily Log.md
[2026-03-16 03:46:45] [INFO]   [+] roadmap.md
[2026-03-16 03:46:45] [INFO]   [+] strategies.md
[2026-03-16 03:46:45] [INFO]   [+] system-architecture.md
[2026-03-16 03:46:45] [INFO] No changes
[2026-03-16 03:46:45] [INFO] === Complete ===
[2026-03-16 03:51:45] [INFO] === Brain Sync ===
[2026-03-16 03:51:45] [WARN]   [?] Master Tracker.md
[2026-03-16 03:51:45] [WARN]   [?] Dashboard.md
[2026-03-16 03:51:45] [WARN]   [?] Daily Log.md
[2026-03-16 03:51:45] [INFO]   [+] roadmap.md
[2026-03-16 03:51:45] [INFO]   [+] strategies.md
[2026-03-16 03:51:45] [INFO]   [+] system-architecture.md
[2026-03-16 03:51:45] [INFO] No changes
[2026-03-16 03:51:45] [INFO] === Complete ===
[2026-03-16 03:56:45] [INFO] === Brain Sync ===
[2026-03-16 03:56:45] [WARN]   [?] Master Tracker.md
[2026-03-16 03:56:45] [WARN]   [?] Dashboard.md
[2026-03-16 03:56:45] [WARN]   [?] Daily Log.md
[2026-03-16 03:56:45] [INFO]   [+] roadmap.md
[2026-03-16 03:56:45] [INFO]   [+] strategies.md
[2026-03-16 03:56:45] [INFO]   [+] system-architecture.md
[2026-03-16 03:56:45] [INFO] No changes
[2026-03-16 03:56:45] [INFO] === Complete ===
[2026-03-16 04:01:45] [INFO] === Brain Sync ===
[2026-03-16 04:01:45] [WARN]   [?] Master Tracker.md
[2026-03-16 04:01:45] [WARN]   [?] Dashboard.md
[2026-03-16 04:01:45] [WARN]   [?] Daily Log.md
[2026-03-16 04:01:45] [INFO]   [+] roadmap.md
[2026-03-16 04:01:45] [INFO]   [+] strategies.md
[2026-03-16 04:01:45] [INFO]   [+] system-architecture.md
[2026-03-16 04:01:45] [INFO] No changes
[2026-03-16 04:01:45] [INFO] === Complete ===
[2026-03-16 04:06:45] [INFO] === Brain Sync ===
[2026-03-16 04:06:45] [WARN]   [?] Master Tracker.md
[2026-03-16 04:06:45] [WARN]   [?] Dashboard.md
[2026-03-16 04:06:45] [WARN]   [?] Daily Log.md
[2026-03-16 04:06:45] [INFO]   [+] roadmap.md
[2026-03-16 04:06:45] [INFO]   [+] strategies.md
[2026-03-16 04:06:45] [INFO]   [+] system-architecture.md
[2026-03-16 04:06:45] [INFO] No changes
[2026-03-16 04:06:45] [INFO] === Complete ===
[2026-03-16 04:11:45] [INFO] === Brain Sync ===
[2026-03-16 04:11:45] [WARN]   [?] Master Tracker.md
[2026-03-16 04:11:45] [WARN]   [?] Dashboard.md
[2026-03-16 04:11:45] [WARN]   [?] Daily Log.md
[2026-03-16 04:11:45] [INFO]   [+] roadmap.md
[2026-03-16 04:11:45] [INFO]   [+] strategies.md
[2026-03-16 04:11:45] [INFO]   [+] system-architecture.md
[2026-03-16 04:11:45] [INFO] No changes
[2026-03-16 04:11:45] [INFO] === Complete ===
[2026-03-16 04:16:45] [INFO] === Brain Sync ===
[2026-03-16 04:16:45] [WARN]   [?] Master Tracker.md
[2026-03-16 04:16:45] [WARN]   [?] Dashboard.md
[2026-03-16 04:16:45] [WARN]   [?] Daily Log.md
[2026-03-16 04:16:45] [INFO]   [+] roadmap.md
[2026-03-16 04:16:45] [INFO]   [+] strategies.md
[2026-03-16 04:16:45] [INFO]   [+] system-architecture.md
[2026-03-16 04:16:45] [INFO] No changes
[2026-03-16 04:16:45] [INFO] === Complete ===
[2026-03-16 04:21:45] [INFO] === Brain Sync ===
[2026-03-16 04:21:45] [WARN]   [?] Master Tracker.md
[2026-03-16 04:21:45] [WARN]   [?] Dashboard.md
[2026-03-16 04:21:45] [WARN]   [?] Daily Log.md
[2026-03-16 04:21:45] [INFO]   [+] roadmap.md
[2026-03-16 04:21:45] [INFO]   [+] strategies.md
[2026-03-16 04:21:45] [INFO]   [+] system-architecture.md
[2026-03-16 04:21:45] [INFO] No changes
[2026-03-16 04:21:45] [INFO] === Complete ===
[2026-03-16 04:26:45] [INFO] === Brain Sync ===
[2026-03-16 04:26:45] [WARN]   [?] Master Tracker.md
[2026-03-16 04:26:45] [WARN]   [?] Dashboard.md
[2026-03-16 04:26:45] [WARN]   [?] Daily Log.md
[2026-03-16 04:26:45] [INFO]   [+] roadmap.md
[2026-03-16 04:26:45] [INFO]   [+] strategies.md
[2026-03-16 04:26:45] [INFO]   [+] system-architecture.md
[2026-03-16 04:26:45] [INFO] No changes
[2026-03-16 04:26:45] [INFO] === Complete ===
[2026-03-16 04:31:45] [INFO] === Brain Sync ===
[2026-03-16 04:31:45] [WARN]   [?] Master Tracker.md
[2026-03-16 04:31:45] [WARN]   [?] Dashboard.md
[2026-03-16 04:31:45] [WARN]   [?] Daily Log.md
[2026-03-16 04:31:45] [INFO]   [+] roadmap.md
[2026-03-16 04:31:45] [INFO]   [+] strategies.md
[2026-03-16 04:31:45] [INFO]   [+] system-architecture.md
[2026-03-16 04:31:45] [INFO] No changes
[2026-03-16 04:31:45] [INFO] === Complete ===
[2026-03-16 04:36:45] [INFO] === Brain Sync ===
[2026-03-16 04:36:45] [WARN]   [?] Master Tracker.md
[2026-03-16 04:36:45] [WARN]   [?] Dashboard.md
[2026-03-16 04:36:45] [WARN]   [?] Daily Log.md
[2026-03-16 04:36:45] [INFO]   [+] roadmap.md
[2026-03-16 04:36:45] [INFO]   [+] strategies.md
[2026-03-16 04:36:45] [INFO]   [+] system-architecture.md
[2026-03-16 04:36:45] [INFO] No changes
[2026-03-16 04:36:45] [INFO] === Complete ===
[2026-03-16 04:41:45] [INFO] === Brain Sync ===
[2026-03-16 04:41:45] [WARN]   [?] Master Tracker.md
[2026-03-16 04:41:45] [WARN]   [?] Dashboard.md
[2026-03-16 04:41:45] [WARN]   [?] Daily Log.md
[2026-03-16 04:41:45] [INFO]   [+] roadmap.md
[2026-03-16 04:41:45] [INFO]   [+] strategies.md
[2026-03-16 04:41:45] [INFO]   [+] system-architecture.md
[2026-03-16 04:41:45] [INFO] No changes
[2026-03-16 04:41:45] [INFO] === Complete ===
[2026-03-16 04:46:45] [INFO] === Brain Sync ===
[2026-03-16 04:46:45] [WARN]   [?] Master Tracker.md
[2026-03-16 04:46:45] [WARN]   [?] Dashboard.md
[2026-03-16 04:46:45] [WARN]   [?] Daily Log.md
[2026-03-16 04:46:45] [INFO]   [+] roadmap.md
[2026-03-16 04:46:45] [INFO]   [+] strategies.md
[2026-03-16 04:46:45] [INFO]   [+] system-architecture.md
[2026-03-16 04:46:45] [INFO] No changes
[2026-03-16 04:46:45] [INFO] === Complete ===
[2026-03-16 04:51:45] [INFO] === Brain Sync ===
[2026-03-16 04:51:45] [WARN]   [?] Master Tracker.md
[2026-03-16 04:51:45] [WARN]   [?] Dashboard.md
[2026-03-16 04:51:45] [WARN]   [?] Daily Log.md
[2026-03-16 04:51:45] [INFO]   [+] roadmap.md
[2026-03-16 04:51:45] [INFO]   [+] strategies.md
[2026-03-16 04:51:45] [INFO]   [+] system-architecture.md
[2026-03-16 04:51:45] [INFO] No changes
[2026-03-16 04:51:45] [INFO] === Complete ===
[2026-03-16 04:56:45] [INFO] === Brain Sync ===
[2026-03-16 04:56:45] [WARN]   [?] Master Tracker.md
[2026-03-16 04:56:45] [WARN]   [?] Dashboard.md
[2026-03-16 04:56:45] [WARN]   [?] Daily Log.md
[2026-03-16 04:56:45] [INFO]   [+] roadmap.md
[2026-03-16 04:56:45] [INFO]   [+] strategies.md
[2026-03-16 04:56:45] [INFO]   [+] system-architecture.md
[2026-03-16 04:56:45] [INFO] No changes
[2026-03-16 04:56:45] [INFO] === Complete ===
[2026-03-16 05:01:45] [INFO] === Brain Sync ===
[2026-03-16 05:01:45] [WARN]   [?] Master Tracker.md
[2026-03-16 05:01:45] [WARN]   [?] Dashboard.md
[2026-03-16 05:01:45] [WARN]   [?] Daily Log.md
[2026-03-16 05:01:45] [INFO]   [+] roadmap.md
[2026-03-16 05:01:45] [INFO]   [+] strategies.md
[2026-03-16 05:01:45] [INFO]   [+] system-architecture.md
[2026-03-16 05:01:45] [INFO] No changes
[2026-03-16 05:01:45] [INFO] === Complete ===
[2026-03-16 05:06:45] [INFO] === Brain Sync ===
[2026-03-16 05:06:45] [WARN]   [?] Master Tracker.md
[2026-03-16 05:06:45] [WARN]   [?] Dashboard.md
[2026-03-16 05:06:45] [WARN]   [?] Daily Log.md
[2026-03-16 05:06:45] [INFO]   [+] roadmap.md
[2026-03-16 05:06:45] [INFO]   [+] strategies.md
[2026-03-16 05:06:45] [INFO]   [+] system-architecture.md
[2026-03-16 05:06:45] [INFO] No changes
[2026-03-16 05:06:45] [INFO] === Complete ===
[2026-03-16 05:11:45] [INFO] === Brain Sync ===
[2026-03-16 05:11:45] [WARN]   [?] Master Tracker.md
[2026-03-16 05:11:45] [WARN]   [?] Dashboard.md
[2026-03-16 05:11:45] [WARN]   [?] Daily Log.md
[2026-03-16 05:11:45] [INFO]   [+] roadmap.md
[2026-03-16 05:11:45] [INFO]   [+] strategies.md
[2026-03-16 05:11:45] [INFO]   [+] system-architecture.md
[2026-03-16 05:11:45] [INFO] No changes
[2026-03-16 05:11:45] [INFO] === Complete ===
[2026-03-16 05:16:45] [INFO] === Brain Sync ===
[2026-03-16 05:16:45] [WARN]   [?] Master Tracker.md
[2026-03-16 05:16:45] [WARN]   [?] Dashboard.md
[2026-03-16 05:16:45] [WARN]   [?] Daily Log.md
[2026-03-16 05:16:45] [INFO]   [+] roadmap.md
[2026-03-16 05:16:45] [INFO]   [+] strategies.md
[2026-03-16 05:16:45] [INFO]   [+] system-architecture.md
[2026-03-16 05:16:45] [INFO] No changes
[2026-03-16 05:16:45] [INFO] === Complete ===
[2026-03-16 05:21:45] [INFO] === Brain Sync ===
[2026-03-16 05:21:45] [WARN]   [?] Master Tracker.md
[2026-03-16 05:21:45] [WARN]   [?] Dashboard.md
[2026-03-16 05:21:45] [WARN]   [?] Daily Log.md
[2026-03-16 05:21:45] [INFO]   [+] roadmap.md
[2026-03-16 05:21:45] [INFO]   [+] strategies.md
[2026-03-16 05:21:45] [INFO]   [+] system-architecture.md
[2026-03-16 05:21:45] [INFO] No changes
[2026-03-16 05:21:45] [INFO] === Complete ===
[2026-03-16 05:26:45] [INFO] === Brain Sync ===
[2026-03-16 05:26:45] [WARN]   [?] Master Tracker.md
[2026-03-16 05:26:45] [WARN]   [?] Dashboard.md
[2026-03-16 05:26:45] [WARN]   [?] Daily Log.md
[2026-03-16 05:26:45] [INFO]   [+] roadmap.md
[2026-03-16 05:26:45] [INFO]   [+] strategies.md
[2026-03-16 05:26:45] [INFO]   [+] system-architecture.md
[2026-03-16 05:26:45] [INFO] No changes
[2026-03-16 05:26:45] [INFO] === Complete ===
[2026-03-16 05:31:45] [INFO] === Brain Sync ===
[2026-03-16 05:31:45] [WARN]   [?] Master Tracker.md
[2026-03-16 05:31:45] [WARN]   [?] Dashboard.md
[2026-03-16 05:31:45] [WARN]   [?] Daily Log.md
[2026-03-16 05:31:45] [INFO]   [+] roadmap.md
[2026-03-16 05:31:45] [INFO]   [+] strategies.md
[2026-03-16 05:31:45] [INFO]   [+] system-architecture.md
[2026-03-16 05:31:45] [INFO] No changes
[2026-03-16 05:31:45] [INFO] === Complete ===
[2026-03-16 05:36:45] [INFO] === Brain Sync ===
[2026-03-16 05:36:45] [WARN]   [?] Master Tracker.md
[2026-03-16 05:36:45] [WARN]   [?] Dashboard.md
[2026-03-16 05:36:45] [WARN]   [?] Daily Log.md
[2026-03-16 05:36:45] [INFO]   [+] roadmap.md
[2026-03-16 05:36:45] [INFO]   [+] strategies.md
[2026-03-16 05:36:45] [INFO]   [+] system-architecture.md
[2026-03-16 05:36:45] [INFO] No changes
[2026-03-16 05:36:45] [INFO] === Complete ===
[2026-03-16 05:41:45] [INFO] === Brain Sync ===
[2026-03-16 05:41:45] [WARN]   [?] Master Tracker.md
[2026-03-16 05:41:45] [WARN]   [?] Dashboard.md
[2026-03-16 05:41:45] [WARN]   [?] Daily Log.md
[2026-03-16 05:41:45] [INFO]   [+] roadmap.md
[2026-03-16 05:41:45] [INFO]   [+] strategies.md
[2026-03-16 05:41:45] [INFO]   [+] system-architecture.md
[2026-03-16 05:41:45] [INFO] No changes
[2026-03-16 05:41:45] [INFO] === Complete ===
[2026-03-16 05:46:45] [INFO] === Brain Sync ===
[2026-03-16 05:46:45] [WARN]   [?] Master Tracker.md
[2026-03-16 05:46:45] [WARN]   [?] Dashboard.md
[2026-03-16 05:46:45] [WARN]   [?] Daily Log.md
[2026-03-16 05:46:45] [INFO]   [+] roadmap.md
[2026-03-16 05:46:45] [INFO]   [+] strategies.md
[2026-03-16 05:46:45] [INFO]   [+] system-architecture.md
[2026-03-16 05:46:45] [INFO] No changes
[2026-03-16 05:46:45] [INFO] === Complete ===
[2026-03-16 05:51:45] [INFO] === Brain Sync ===
[2026-03-16 05:51:45] [WARN]   [?] Master Tracker.md
[2026-03-16 05:51:45] [WARN]   [?] Dashboard.md
[2026-03-16 05:51:45] [WARN]   [?] Daily Log.md
[2026-03-16 05:51:45] [INFO]   [+] roadmap.md
[2026-03-16 05:51:45] [INFO]   [+] strategies.md
[2026-03-16 05:51:45] [INFO]   [+] system-architecture.md
[2026-03-16 05:51:45] [INFO] No changes
[2026-03-16 05:51:45] [INFO] === Complete ===
[2026-03-16 05:56:45] [INFO] === Brain Sync ===
[2026-03-16 05:56:45] [WARN]   [?] Master Tracker.md
[2026-03-16 05:56:45] [WARN]   [?] Dashboard.md
[2026-03-16 05:56:45] [WARN]   [?] Daily Log.md
[2026-03-16 05:56:45] [INFO]   [+] roadmap.md
[2026-03-16 05:56:45] [INFO]   [+] strategies.md
[2026-03-16 05:56:45] [INFO]   [+] system-architecture.md
[2026-03-16 05:56:45] [INFO] No changes
[2026-03-16 05:56:45] [INFO] === Complete ===
[2026-03-16 06:01:45] [INFO] === Brain Sync ===
[2026-03-16 06:01:45] [WARN]   [?] Master Tracker.md
[2026-03-16 06:01:45] [WARN]   [?] Dashboard.md
[2026-03-16 06:01:45] [WARN]   [?] Daily Log.md
[2026-03-16 06:01:45] [INFO]   [+] roadmap.md
[2026-03-16 06:01:45] [INFO]   [+] strategies.md
[2026-03-16 06:01:45] [INFO]   [+] system-architecture.md
[2026-03-16 06:01:45] [INFO] No changes
[2026-03-16 06:01:45] [INFO] === Complete ===
[2026-03-16 06:06:45] [INFO] === Brain Sync ===
[2026-03-16 06:06:45] [WARN]   [?] Master Tracker.md
[2026-03-16 06:06:45] [WARN]   [?] Dashboard.md
[2026-03-16 06:06:45] [WARN]   [?] Daily Log.md
[2026-03-16 06:06:45] [INFO]   [+] roadmap.md
[2026-03-16 06:06:45] [INFO]   [+] strategies.md
[2026-03-16 06:06:45] [INFO]   [+] system-architecture.md
[2026-03-16 06:06:47] [INFO] Pushed
[2026-03-16 06:06:47] [INFO] === Complete ===
[2026-03-16 06:11:45] [INFO] === Brain Sync ===
[2026-03-16 06:11:45] [WARN]   [?] Master Tracker.md
[2026-03-16 06:11:45] [WARN]   [?] Dashboard.md
[2026-03-16 06:11:45] [WARN]   [?] Daily Log.md
[2026-03-16 06:11:45] [INFO]   [+] roadmap.md
[2026-03-16 06:11:45] [INFO]   [+] strategies.md
[2026-03-16 06:11:45] [INFO]   [+] system-architecture.md
[2026-03-16 06:11:46] [INFO] Pushed
[2026-03-16 06:11:46] [INFO] === Complete ===
[2026-03-16 06:16:45] [INFO] === Brain Sync ===
[2026-03-16 06:16:45] [WARN]   [?] Master Tracker.md
[2026-03-16 06:16:45] [WARN]   [?] Dashboard.md
[2026-03-16 06:16:45] [WARN]   [?] Daily Log.md
[2026-03-16 06:16:45] [INFO]   [+] roadmap.md
[2026-03-16 06:16:45] [INFO]   [+] strategies.md
[2026-03-16 06:16:45] [INFO]   [+] system-architecture.md
[2026-03-16 06:16:45] [INFO] No changes
[2026-03-16 06:16:45] [INFO] === Complete ===
[2026-03-16 06:21:45] [INFO] === Brain Sync ===
[2026-03-16 06:21:45] [WARN]   [?] Master Tracker.md
[2026-03-16 06:21:45] [WARN]   [?] Dashboard.md
[2026-03-16 06:21:45] [WARN]   [?] Daily Log.md
[2026-03-16 06:21:45] [INFO]   [+] roadmap.md
[2026-03-16 06:21:45] [INFO]   [+] strategies.md
[2026-03-16 06:21:45] [INFO]   [+] system-architecture.md
[2026-03-16 06:21:45] [INFO] No changes
[2026-03-16 06:21:45] [INFO] === Complete ===
[2026-03-16 06:26:45] [INFO] === Brain Sync ===
[2026-03-16 06:26:45] [WARN]   [?] Master Tracker.md
[2026-03-16 06:26:45] [WARN]   [?] Dashboard.md
[2026-03-16 06:26:45] [WARN]   [?] Daily Log.md
[2026-03-16 06:26:45] [INFO]   [+] roadmap.md
[2026-03-16 06:26:45] [INFO]   [+] strategies.md
[2026-03-16 06:26:45] [INFO]   [+] system-architecture.md
[2026-03-16 06:26:45] [INFO] No changes
[2026-03-16 06:26:45] [INFO] === Complete ===
[2026-03-16 06:31:45] [INFO] === Brain Sync ===
[2026-03-16 06:31:45] [WARN]   [?] Master Tracker.md
[2026-03-16 06:31:45] [WARN]   [?] Dashboard.md
[2026-03-16 06:31:45] [WARN]   [?] Daily Log.md
[2026-03-16 06:31:45] [INFO]   [+] roadmap.md
[2026-03-16 06:31:45] [INFO]   [+] strategies.md
[2026-03-16 06:31:45] [INFO]   [+] system-architecture.md
[2026-03-16 06:31:45] [INFO] No changes
[2026-03-16 06:31:45] [INFO] === Complete ===
[2026-03-16 06:36:45] [INFO] === Brain Sync ===
[2026-03-16 06:36:45] [WARN]   [?] Master Tracker.md
[2026-03-16 06:36:45] [WARN]   [?] Dashboard.md
[2026-03-16 06:36:45] [WARN]   [?] Daily Log.md
[2026-03-16 06:36:45] [INFO]   [+] roadmap.md
[2026-03-16 06:36:45] [INFO]   [+] strategies.md
[2026-03-16 06:36:45] [INFO]   [+] system-architecture.md
[2026-03-16 06:36:45] [INFO] No changes
[2026-03-16 06:36:45] [INFO] === Complete ===
[2026-03-16 06:41:45] [INFO] === Brain Sync ===
[2026-03-16 06:41:45] [WARN]   [?] Master Tracker.md
[2026-03-16 06:41:45] [WARN]   [?] Dashboard.md
[2026-03-16 06:41:45] [WARN]   [?] Daily Log.md
[2026-03-16 06:41:45] [INFO]   [+] roadmap.md
[2026-03-16 06:41:45] [INFO]   [+] strategies.md
[2026-03-16 06:41:45] [INFO]   [+] system-architecture.md
[2026-03-16 06:41:45] [INFO] No changes
[2026-03-16 06:41:45] [INFO] === Complete ===
[2026-03-16 06:46:45] [INFO] === Brain Sync ===
[2026-03-16 06:46:45] [WARN]   [?] Master Tracker.md
[2026-03-16 06:46:45] [WARN]   [?] Dashboard.md
[2026-03-16 06:46:45] [WARN]   [?] Daily Log.md
[2026-03-16 06:46:45] [INFO]   [+] roadmap.md
[2026-03-16 06:46:45] [INFO]   [+] strategies.md
[2026-03-16 06:46:45] [INFO]   [+] system-architecture.md
[2026-03-16 06:46:45] [INFO] No changes
[2026-03-16 06:46:45] [INFO] === Complete ===
[2026-03-16 06:51:45] [INFO] === Brain Sync ===
[2026-03-16 06:51:45] [WARN]   [?] Master Tracker.md
[2026-03-16 06:51:45] [WARN]   [?] Dashboard.md
[2026-03-16 06:51:45] [WARN]   [?] Daily Log.md
[2026-03-16 06:51:45] [INFO]   [+] roadmap.md
[2026-03-16 06:51:45] [INFO]   [+] strategies.md
[2026-03-16 06:51:45] [INFO]   [+] system-architecture.md
[2026-03-16 06:51:45] [INFO] No changes
[2026-03-16 06:51:45] [INFO] === Complete ===
[2026-03-16 06:56:45] [INFO] === Brain Sync ===
[2026-03-16 06:56:45] [WARN]   [?] Master Tracker.md
[2026-03-16 06:56:45] [WARN]   [?] Dashboard.md
[2026-03-16 06:56:45] [WARN]   [?] Daily Log.md
[2026-03-16 06:56:45] [INFO]   [+] roadmap.md
[2026-03-16 06:56:45] [INFO]   [+] strategies.md
[2026-03-16 06:56:45] [INFO]   [+] system-architecture.md
[2026-03-16 06:56:45] [INFO] No changes
[2026-03-16 06:56:45] [INFO] === Complete ===
[2026-03-16 07:01:45] [INFO] === Brain Sync ===
[2026-03-16 07:01:45] [WARN]   [?] Master Tracker.md
[2026-03-16 07:01:45] [WARN]   [?] Dashboard.md
[2026-03-16 07:01:45] [WARN]   [?] Daily Log.md
[2026-03-16 07:01:45] [INFO]   [+] roadmap.md
[2026-03-16 07:01:45] [INFO]   [+] strategies.md
[2026-03-16 07:01:45] [INFO]   [+] system-architecture.md
[2026-03-16 07:01:46] [INFO] Pushed
[2026-03-16 07:01:46] [INFO] === Complete ===
[2026-03-16 07:06:45] [INFO] === Brain Sync ===
[2026-03-16 07:06:45] [WARN]   [?] Master Tracker.md
[2026-03-16 07:06:45] [WARN]   [?] Dashboard.md
[2026-03-16 07:06:45] [WARN]   [?] Daily Log.md
[2026-03-16 07:06:45] [INFO]   [+] roadmap.md
[2026-03-16 07:06:45] [INFO]   [+] strategies.md
[2026-03-16 07:06:45] [INFO]   [+] system-architecture.md
[2026-03-16 07:06:45] [INFO] No changes
[2026-03-16 07:06:45] [INFO] === Complete ===
[2026-03-16 07:11:45] [INFO] === Brain Sync ===
[2026-03-16 07:11:45] [WARN]   [?] Master Tracker.md
[2026-03-16 07:11:45] [WARN]   [?] Dashboard.md
[2026-03-16 07:11:45] [WARN]   [?] Daily Log.md
[2026-03-16 07:11:45] [INFO]   [+] roadmap.md
[2026-03-16 07:11:45] [INFO]   [+] strategies.md
[2026-03-16 07:11:45] [INFO]   [+] system-architecture.md
[2026-03-16 07:11:45] [INFO] No changes
[2026-03-16 07:11:45] [INFO] === Complete ===
[2026-03-16 07:16:45] [INFO] === Brain Sync ===
[2026-03-16 07:16:45] [WARN]   [?] Master Tracker.md
[2026-03-16 07:16:45] [WARN]   [?] Dashboard.md
[2026-03-16 07:16:45] [WARN]   [?] Daily Log.md
[2026-03-16 07:16:45] [INFO]   [+] roadmap.md
[2026-03-16 07:16:45] [INFO]   [+] strategies.md
[2026-03-16 07:16:45] [INFO]   [+] system-architecture.md
[2026-03-16 07:16:45] [INFO] No changes
[2026-03-16 07:16:45] [INFO] === Complete ===
[2026-03-16 07:21:45] [INFO] === Brain Sync ===
[2026-03-16 07:21:45] [WARN]   [?] Master Tracker.md
[2026-03-16 07:21:45] [WARN]   [?] Dashboard.md
[2026-03-16 07:21:45] [WARN]   [?] Daily Log.md
[2026-03-16 07:21:45] [INFO]   [+] roadmap.md
[2026-03-16 07:21:45] [INFO]   [+] strategies.md
[2026-03-16 07:21:45] [INFO]   [+] system-architecture.md
[2026-03-16 07:21:45] [INFO] No changes
[2026-03-16 07:21:45] [INFO] === Complete ===
[2026-03-16 07:26:45] [INFO] === Brain Sync ===
[2026-03-16 07:26:45] [WARN]   [?] Master Tracker.md
[2026-03-16 07:26:45] [WARN]   [?] Dashboard.md
[2026-03-16 07:26:45] [WARN]   [?] Daily Log.md
[2026-03-16 07:26:45] [INFO]   [+] roadmap.md
[2026-03-16 07:26:45] [INFO]   [+] strategies.md
[2026-03-16 07:26:45] [INFO]   [+] system-architecture.md
[2026-03-16 07:26:45] [INFO] No changes
[2026-03-16 07:26:45] [INFO] === Complete ===
[2026-03-16 07:31:45] [INFO] === Brain Sync ===
[2026-03-16 07:31:45] [WARN]   [?] Master Tracker.md
[2026-03-16 07:31:45] [WARN]   [?] Dashboard.md
[2026-03-16 07:31:45] [WARN]   [?] Daily Log.md
[2026-03-16 07:31:45] [INFO]   [+] roadmap.md
[2026-03-16 07:31:45] [INFO]   [+] strategies.md
[2026-03-16 07:31:45] [INFO]   [+] system-architecture.md
[2026-03-16 07:31:45] [INFO] No changes
[2026-03-16 07:31:45] [INFO] === Complete ===
[2026-03-16 07:36:45] [INFO] === Brain Sync ===
[2026-03-16 07:36:45] [WARN]   [?] Master Tracker.md
[2026-03-16 07:36:45] [WARN]   [?] Dashboard.md
[2026-03-16 07:36:45] [WARN]   [?] Daily Log.md
[2026-03-16 07:36:45] [INFO]   [+] roadmap.md
[2026-03-16 07:36:45] [INFO]   [+] strategies.md
[2026-03-16 07:36:45] [INFO]   [+] system-architecture.md
[2026-03-16 07:36:45] [INFO] No changes
[2026-03-16 07:36:45] [INFO] === Complete ===
[2026-03-16 07:41:45] [INFO] === Brain Sync ===
[2026-03-16 07:41:45] [WARN]   [?] Master Tracker.md
[2026-03-16 07:41:45] [WARN]   [?] Dashboard.md
[2026-03-16 07:41:45] [WARN]   [?] Daily Log.md
[2026-03-16 07:41:45] [INFO]   [+] roadmap.md
[2026-03-16 07:41:45] [INFO]   [+] strategies.md
[2026-03-16 07:41:45] [INFO]   [+] system-architecture.md
[2026-03-16 07:41:45] [INFO] No changes
[2026-03-16 07:41:45] [INFO] === Complete ===
[2026-03-16 07:46:45] [INFO] === Brain Sync ===
[2026-03-16 07:46:45] [WARN]   [?] Master Tracker.md
[2026-03-16 07:46:45] [WARN]   [?] Dashboard.md
[2026-03-16 07:46:45] [WARN]   [?] Daily Log.md
[2026-03-16 07:46:45] [INFO]   [+] roadmap.md
[2026-03-16 07:46:45] [INFO]   [+] strategies.md
[2026-03-16 07:46:45] [INFO]   [+] system-architecture.md
[2026-03-16 07:46:45] [INFO] No changes
[2026-03-16 07:46:45] [INFO] === Complete ===
[2026-03-16 07:51:45] [INFO] === Brain Sync ===
[2026-03-16 07:51:45] [WARN]   [?] Master Tracker.md
[2026-03-16 07:51:45] [WARN]   [?] Dashboard.md
[2026-03-16 07:51:45] [WARN]   [?] Daily Log.md
[2026-03-16 07:51:45] [INFO]   [+] roadmap.md
[2026-03-16 07:51:45] [INFO]   [+] strategies.md
[2026-03-16 07:51:45] [INFO]   [+] system-architecture.md
[2026-03-16 07:51:45] [INFO] No changes
[2026-03-16 07:51:45] [INFO] === Complete ===
[2026-03-16 07:56:45] [INFO] === Brain Sync ===
[2026-03-16 07:56:45] [WARN]   [?] Master Tracker.md
[2026-03-16 07:56:45] [WARN]   [?] Dashboard.md
[2026-03-16 07:56:45] [WARN]   [?] Daily Log.md
[2026-03-16 07:56:45] [INFO]   [+] roadmap.md
[2026-03-16 07:56:45] [INFO]   [+] strategies.md
[2026-03-16 07:56:45] [INFO]   [+] system-architecture.md
[2026-03-16 07:56:45] [INFO] No changes
[2026-03-16 07:56:45] [INFO] === Complete ===
[2026-03-16 08:01:45] [INFO] === Brain Sync ===
[2026-03-16 08:01:45] [WARN]   [?] Master Tracker.md
[2026-03-16 08:01:45] [WARN]   [?] Dashboard.md
[2026-03-16 08:01:45] [WARN]   [?] Daily Log.md
[2026-03-16 08:01:45] [INFO]   [+] roadmap.md
[2026-03-16 08:01:45] [INFO]   [+] strategies.md
[2026-03-16 08:01:45] [INFO]   [+] system-architecture.md
[2026-03-16 08:01:45] [INFO] No changes
[2026-03-16 08:01:45] [INFO] === Complete ===
[2026-03-16 08:06:45] [INFO] === Brain Sync ===
[2026-03-16 08:06:45] [WARN]   [?] Master Tracker.md
[2026-03-16 08:06:45] [WARN]   [?] Dashboard.md
[2026-03-16 08:06:45] [WARN]   [?] Daily Log.md
[2026-03-16 08:06:45] [INFO]   [+] roadmap.md
[2026-03-16 08:06:45] [INFO]   [+] strategies.md
[2026-03-16 08:06:45] [INFO]   [+] system-architecture.md
[2026-03-16 08:06:45] [INFO] No changes
[2026-03-16 08:06:45] [INFO] === Complete ===
[2026-03-16 08:11:45] [INFO] === Brain Sync ===
[2026-03-16 08:11:45] [WARN]   [?] Master Tracker.md
[2026-03-16 08:11:45] [WARN]   [?] Dashboard.md
[2026-03-16 08:11:45] [WARN]   [?] Daily Log.md
[2026-03-16 08:11:45] [INFO]   [+] roadmap.md
[2026-03-16 08:11:45] [INFO]   [+] strategies.md
[2026-03-16 08:11:45] [INFO]   [+] system-architecture.md
[2026-03-16 08:11:45] [INFO] No changes
[2026-03-16 08:11:45] [INFO] === Complete ===
[2026-03-16 08:16:45] [INFO] === Brain Sync ===
[2026-03-16 08:16:45] [WARN]   [?] Master Tracker.md
[2026-03-16 08:16:45] [WARN]   [?] Dashboard.md
[2026-03-16 08:16:45] [WARN]   [?] Daily Log.md
[2026-03-16 08:16:45] [INFO]   [+] roadmap.md
[2026-03-16 08:16:45] [INFO]   [+] strategies.md
[2026-03-16 08:16:45] [INFO]   [+] system-architecture.md
[2026-03-16 08:16:45] [INFO] No changes
[2026-03-16 08:16:45] [INFO] === Complete ===
[2026-03-16 08:21:45] [INFO] === Brain Sync ===
[2026-03-16 08:21:45] [WARN]   [?] Master Tracker.md
[2026-03-16 08:21:45] [WARN]   [?] Dashboard.md
[2026-03-16 08:21:45] [WARN]   [?] Daily Log.md
[2026-03-16 08:21:45] [INFO]   [+] roadmap.md
[2026-03-16 08:21:45] [INFO]   [+] strategies.md
[2026-03-16 08:21:45] [INFO]   [+] system-architecture.md
[2026-03-16 08:21:45] [INFO] No changes
[2026-03-16 08:21:45] [INFO] === Complete ===
[2026-03-16 08:26:45] [INFO] === Brain Sync ===
[2026-03-16 08:26:45] [WARN]   [?] Master Tracker.md
[2026-03-16 08:26:45] [WARN]   [?] Dashboard.md
[2026-03-16 08:26:45] [WARN]   [?] Daily Log.md
[2026-03-16 08:26:45] [INFO]   [+] roadmap.md
[2026-03-16 08:26:45] [INFO]   [+] strategies.md
[2026-03-16 08:26:45] [INFO]   [+] system-architecture.md
[2026-03-16 08:26:45] [INFO] No changes
[2026-03-16 08:26:45] [INFO] === Complete ===
[2026-03-16 08:31:45] [INFO] === Brain Sync ===
[2026-03-16 08:31:45] [WARN]   [?] Master Tracker.md
[2026-03-16 08:31:45] [WARN]   [?] Dashboard.md
[2026-03-16 08:31:45] [WARN]   [?] Daily Log.md
[2026-03-16 08:31:45] [INFO]   [+] roadmap.md
[2026-03-16 08:31:45] [INFO]   [+] strategies.md
[2026-03-16 08:31:45] [INFO]   [+] system-architecture.md
[2026-03-16 08:31:45] [INFO] No changes
[2026-03-16 08:31:45] [INFO] === Complete ===
[2026-03-16 08:36:45] [INFO] === Brain Sync ===
[2026-03-16 08:36:45] [WARN]   [?] Master Tracker.md
[2026-03-16 08:36:45] [WARN]   [?] Dashboard.md
[2026-03-16 08:36:45] [WARN]   [?] Daily Log.md
[2026-03-16 08:36:45] [INFO]   [+] roadmap.md
[2026-03-16 08:36:45] [INFO]   [+] strategies.md
[2026-03-16 08:36:45] [INFO]   [+] system-architecture.md
[2026-03-16 08:36:45] [INFO] No changes
[2026-03-16 08:36:45] [INFO] === Complete ===
[2026-03-16 08:41:45] [INFO] === Brain Sync ===
[2026-03-16 08:41:45] [WARN]   [?] Master Tracker.md
[2026-03-16 08:41:45] [WARN]   [?] Dashboard.md
[2026-03-16 08:41:45] [WARN]   [?] Daily Log.md
[2026-03-16 08:41:45] [INFO]   [+] roadmap.md
[2026-03-16 08:41:45] [INFO]   [+] strategies.md
[2026-03-16 08:41:45] [INFO]   [+] system-architecture.md
[2026-03-16 08:41:45] [INFO] No changes
[2026-03-16 08:41:45] [INFO] === Complete ===
[2026-03-16 08:46:45] [INFO] === Brain Sync ===
[2026-03-16 08:46:45] [WARN]   [?] Master Tracker.md
[2026-03-16 08:46:45] [WARN]   [?] Dashboard.md
[2026-03-16 08:46:45] [WARN]   [?] Daily Log.md
[2026-03-16 08:46:45] [INFO]   [+] roadmap.md
[2026-03-16 08:46:45] [INFO]   [+] strategies.md
[2026-03-16 08:46:45] [INFO]   [+] system-architecture.md
[2026-03-16 08:46:45] [INFO] No changes
[2026-03-16 08:46:45] [INFO] === Complete ===
[2026-03-16 08:51:45] [INFO] === Brain Sync ===
[2026-03-16 08:51:45] [WARN]   [?] Master Tracker.md
[2026-03-16 08:51:45] [WARN]   [?] Dashboard.md
[2026-03-16 08:51:45] [WARN]   [?] Daily Log.md
[2026-03-16 08:51:45] [INFO]   [+] roadmap.md
[2026-03-16 08:51:45] [INFO]   [+] strategies.md
[2026-03-16 08:51:45] [INFO]   [+] system-architecture.md
[2026-03-16 08:51:45] [INFO] No changes
[2026-03-16 08:51:45] [INFO] === Complete ===
[2026-03-16 08:56:45] [INFO] === Brain Sync ===
[2026-03-16 08:56:45] [WARN]   [?] Master Tracker.md
[2026-03-16 08:56:45] [WARN]   [?] Dashboard.md
[2026-03-16 08:56:45] [WARN]   [?] Daily Log.md
[2026-03-16 08:56:45] [INFO]   [+] roadmap.md
[2026-03-16 08:56:45] [INFO]   [+] strategies.md
[2026-03-16 08:56:45] [INFO]   [+] system-architecture.md
[2026-03-16 08:56:45] [INFO] No changes
[2026-03-16 08:56:45] [INFO] === Complete ===
[2026-03-16 09:01:45] [INFO] === Brain Sync ===
[2026-03-16 09:01:45] [WARN]   [?] Master Tracker.md
[2026-03-16 09:01:45] [WARN]   [?] Dashboard.md
[2026-03-16 09:01:45] [WARN]   [?] Daily Log.md
[2026-03-16 09:01:45] [INFO]   [+] roadmap.md
[2026-03-16 09:01:45] [INFO]   [+] strategies.md
[2026-03-16 09:01:45] [INFO]   [+] system-architecture.md
[2026-03-16 09:01:47] [INFO] Pushed
[2026-03-16 09:01:47] [INFO] === Complete ===
[2026-03-16 09:06:46] [INFO] === Brain Sync ===
[2026-03-16 09:06:46] [WARN]   [?] Master Tracker.md
[2026-03-16 09:06:46] [WARN]   [?] Dashboard.md
[2026-03-16 09:06:46] [WARN]   [?] Daily Log.md
[2026-03-16 09:06:46] [INFO]   [+] roadmap.md
[2026-03-16 09:06:46] [INFO]   [+] strategies.md
[2026-03-16 09:06:46] [INFO]   [+] system-architecture.md
[2026-03-16 09:06:48] [INFO] Pushed
[2026-03-16 09:06:48] [INFO] === Complete ===
[2026-03-16 09:11:45] [INFO] === Brain Sync ===
[2026-03-16 09:11:45] [WARN]   [?] Master Tracker.md
[2026-03-16 09:11:45] [WARN]   [?] Dashboard.md
[2026-03-16 09:11:45] [WARN]   [?] Daily Log.md
[2026-03-16 09:11:45] [INFO]   [+] roadmap.md
[2026-03-16 09:11:45] [INFO]   [+] strategies.md
[2026-03-16 09:11:45] [INFO]   [+] system-architecture.md
[2026-03-16 09:11:46] [INFO] No changes
[2026-03-16 09:11:46] [INFO] === Complete ===
[2026-03-16 09:16:45] [INFO] === Brain Sync ===
[2026-03-16 09:16:45] [WARN]   [?] Master Tracker.md
[2026-03-16 09:16:45] [WARN]   [?] Dashboard.md
[2026-03-16 09:16:45] [WARN]   [?] Daily Log.md
[2026-03-16 09:16:45] [INFO]   [+] roadmap.md
[2026-03-16 09:16:45] [INFO]   [+] strategies.md
[2026-03-16 09:16:45] [INFO]   [+] system-architecture.md
[2026-03-16 09:16:46] [INFO] No changes
[2026-03-16 09:16:46] [INFO] === Complete ===
[2026-03-16 09:21:45] [INFO] === Brain Sync ===
[2026-03-16 09:21:45] [WARN]   [?] Master Tracker.md
[2026-03-16 09:21:45] [WARN]   [?] Dashboard.md
[2026-03-16 09:21:45] [WARN]   [?] Daily Log.md
[2026-03-16 09:21:45] [INFO]   [+] roadmap.md
[2026-03-16 09:21:45] [INFO]   [+] strategies.md
[2026-03-16 09:21:45] [INFO]   [+] system-architecture.md
[2026-03-16 09:21:45] [INFO] No changes
[2026-03-16 09:21:45] [INFO] === Complete ===
[2026-03-16 09:26:45] [INFO] === Brain Sync ===
[2026-03-16 09:26:45] [WARN]   [?] Master Tracker.md
[2026-03-16 09:26:45] [WARN]   [?] Dashboard.md
[2026-03-16 09:26:45] [WARN]   [?] Daily Log.md
[2026-03-16 09:26:45] [INFO]   [+] roadmap.md
[2026-03-16 09:26:45] [INFO]   [+] strategies.md
[2026-03-16 09:26:45] [INFO]   [+] system-architecture.md
[2026-03-16 09:26:45] [INFO] No changes
[2026-03-16 09:26:45] [INFO] === Complete ===
[2026-03-16 09:31:45] [INFO] === Brain Sync ===
[2026-03-16 09:31:45] [WARN]   [?] Master Tracker.md
[2026-03-16 09:31:45] [WARN]   [?] Dashboard.md
[2026-03-16 09:31:45] [WARN]   [?] Daily Log.md
[2026-03-16 09:31:45] [INFO]   [+] roadmap.md
[2026-03-16 09:31:45] [INFO]   [+] strategies.md
[2026-03-16 09:31:45] [INFO]   [+] system-architecture.md
[2026-03-16 09:31:50] [INFO] Pushed
[2026-03-16 09:31:50] [INFO] === Complete ===
[2026-03-16 09:36:46] [INFO] === Brain Sync ===
[2026-03-16 09:36:46] [WARN]   [?] Master Tracker.md
[2026-03-16 09:36:46] [WARN]   [?] Dashboard.md
[2026-03-16 09:36:46] [WARN]   [?] Daily Log.md
[2026-03-16 09:36:46] [INFO]   [+] roadmap.md
[2026-03-16 09:36:46] [INFO]   [+] strategies.md
[2026-03-16 09:36:46] [INFO]   [+] system-architecture.md
[2026-03-16 09:36:46] [INFO] No changes
[2026-03-16 09:36:46] [INFO] === Complete ===
[2026-03-16 09:41:45] [INFO] === Brain Sync ===
[2026-03-16 09:41:46] [WARN]   [?] Master Tracker.md
[2026-03-16 09:41:46] [WARN]   [?] Dashboard.md
[2026-03-16 09:41:46] [WARN]   [?] Daily Log.md
[2026-03-16 09:41:46] [INFO]   [+] roadmap.md
[2026-03-16 09:41:46] [INFO]   [+] strategies.md
[2026-03-16 09:41:46] [INFO]   [+] system-architecture.md
[2026-03-16 09:41:46] [INFO] No changes
[2026-03-16 09:41:46] [INFO] === Complete ===
[2026-03-16 09:46:45] [INFO] === Brain Sync ===
[2026-03-16 09:46:46] [WARN]   [?] Master Tracker.md
[2026-03-16 09:46:46] [WARN]   [?] Dashboard.md
[2026-03-16 09:46:46] [WARN]   [?] Daily Log.md
[2026-03-16 09:46:46] [INFO]   [+] roadmap.md
[2026-03-16 09:46:46] [INFO]   [+] strategies.md
[2026-03-16 09:46:46] [INFO]   [+] system-architecture.md
[2026-03-16 09:46:46] [INFO] No changes
[2026-03-16 09:46:46] [INFO] === Complete ===
[2026-03-16 09:51:45] [INFO] === Brain Sync ===
[2026-03-16 09:51:46] [WARN]   [?] Master Tracker.md
[2026-03-16 09:51:46] [WARN]   [?] Dashboard.md
[2026-03-16 09:51:46] [WARN]   [?] Daily Log.md
[2026-03-16 09:51:46] [INFO]   [+] roadmap.md
[2026-03-16 09:51:46] [INFO]   [+] strategies.md
[2026-03-16 09:51:46] [INFO]   [+] system-architecture.md
[2026-03-16 09:51:46] [INFO] No changes
[2026-03-16 09:51:46] [INFO] === Complete ===
[2026-03-16 09:56:46] [INFO] === Brain Sync ===
[2026-03-16 09:56:46] [WARN]   [?] Master Tracker.md
[2026-03-16 09:56:46] [WARN]   [?] Dashboard.md
[2026-03-16 09:56:46] [WARN]   [?] Daily Log.md
[2026-03-16 09:56:46] [INFO]   [+] roadmap.md
[2026-03-16 09:56:46] [INFO]   [+] strategies.md
[2026-03-16 09:56:46] [INFO]   [+] system-architecture.md
[2026-03-16 09:56:46] [INFO] No changes
[2026-03-16 09:56:46] [INFO] === Complete ===
[2026-03-16 10:01:45] [INFO] === Brain Sync ===
[2026-03-16 10:01:46] [WARN]   [?] Master Tracker.md
[2026-03-16 10:01:46] [WARN]   [?] Dashboard.md
[2026-03-16 10:01:46] [WARN]   [?] Daily Log.md
[2026-03-16 10:01:46] [INFO]   [+] roadmap.md
[2026-03-16 10:01:46] [INFO]   [+] strategies.md
[2026-03-16 10:01:46] [INFO]   [+] system-architecture.md
[2026-03-16 10:01:46] [INFO] No changes
[2026-03-16 10:01:46] [INFO] === Complete ===
[2026-03-16 10:06:46] [INFO] === Brain Sync ===
[2026-03-16 10:06:46] [WARN]   [?] Master Tracker.md
[2026-03-16 10:06:46] [WARN]   [?] Dashboard.md
[2026-03-16 10:06:46] [WARN]   [?] Daily Log.md
[2026-03-16 10:06:46] [INFO]   [+] roadmap.md
[2026-03-16 10:06:46] [INFO]   [+] strategies.md
[2026-03-16 10:06:46] [INFO]   [+] system-architecture.md
[2026-03-16 10:06:46] [INFO] No changes
[2026-03-16 10:06:46] [INFO] === Complete ===
[2026-03-16 10:11:46] [INFO] === Brain Sync ===
[2026-03-16 10:11:46] [WARN]   [?] Master Tracker.md
[2026-03-16 10:11:46] [WARN]   [?] Dashboard.md
[2026-03-16 10:11:46] [WARN]   [?] Daily Log.md
[2026-03-16 10:11:46] [INFO]   [+] roadmap.md
[2026-03-16 10:11:46] [INFO]   [+] strategies.md
[2026-03-16 10:11:46] [INFO]   [+] system-architecture.md
[2026-03-16 10:11:46] [INFO] No changes
[2026-03-16 10:11:46] [INFO] === Complete ===
[2026-03-16 10:16:46] [INFO] === Brain Sync ===
[2026-03-16 10:16:46] [WARN]   [?] Master Tracker.md
[2026-03-16 10:16:46] [WARN]   [?] Dashboard.md
[2026-03-16 10:16:46] [WARN]   [?] Daily Log.md
[2026-03-16 10:16:46] [INFO]   [+] roadmap.md
[2026-03-16 10:16:46] [INFO]   [+] strategies.md
[2026-03-16 10:16:46] [INFO]   [+] system-architecture.md
[2026-03-16 10:16:46] [INFO] No changes
[2026-03-16 10:16:46] [INFO] === Complete ===
[2026-03-16 10:21:46] [INFO] === Brain Sync ===
[2026-03-16 10:21:46] [WARN]   [?] Master Tracker.md
[2026-03-16 10:21:46] [WARN]   [?] Dashboard.md
[2026-03-16 10:21:46] [WARN]   [?] Daily Log.md
[2026-03-16 10:21:46] [INFO]   [+] roadmap.md
[2026-03-16 10:21:46] [INFO]   [+] strategies.md
[2026-03-16 10:21:46] [INFO]   [+] system-architecture.md
[2026-03-16 10:21:46] [INFO] No changes
[2026-03-16 10:21:46] [INFO] === Complete ===
[2026-03-16 10:26:46] [INFO] === Brain Sync ===
[2026-03-16 10:26:46] [WARN]   [?] Master Tracker.md
[2026-03-16 10:26:46] [WARN]   [?] Dashboard.md
[2026-03-16 10:26:46] [WARN]   [?] Daily Log.md
[2026-03-16 10:26:46] [INFO]   [+] roadmap.md
[2026-03-16 10:26:46] [INFO]   [+] strategies.md
[2026-03-16 10:26:46] [INFO]   [+] system-architecture.md
[2026-03-16 10:26:46] [INFO] No changes
[2026-03-16 10:26:46] [INFO] === Complete ===
[2026-03-16 10:31:46] [INFO] === Brain Sync ===
[2026-03-16 10:31:46] [WARN]   [?] Master Tracker.md
[2026-03-16 10:31:46] [WARN]   [?] Dashboard.md
[2026-03-16 10:31:46] [WARN]   [?] Daily Log.md
[2026-03-16 10:31:46] [INFO]   [+] roadmap.md
[2026-03-16 10:31:46] [INFO]   [+] strategies.md
[2026-03-16 10:31:46] [INFO]   [+] system-architecture.md
[2026-03-16 10:31:46] [INFO] No changes
[2026-03-16 10:31:46] [INFO] === Complete ===
[2026-03-16 10:36:46] [INFO] === Brain Sync ===
[2026-03-16 10:36:46] [WARN]   [?] Master Tracker.md
[2026-03-16 10:36:46] [WARN]   [?] Dashboard.md
[2026-03-16 10:36:46] [WARN]   [?] Daily Log.md
[2026-03-16 10:36:46] [INFO]   [+] roadmap.md
[2026-03-16 10:36:46] [INFO]   [+] strategies.md
[2026-03-16 10:36:46] [INFO]   [+] system-architecture.md
[2026-03-16 10:36:46] [INFO] No changes
[2026-03-16 10:36:46] [INFO] === Complete ===
[2026-03-16 10:41:46] [INFO] === Brain Sync ===
[2026-03-16 10:41:46] [WARN]   [?] Master Tracker.md
[2026-03-16 10:41:46] [WARN]   [?] Dashboard.md
[2026-03-16 10:41:46] [WARN]   [?] Daily Log.md
[2026-03-16 10:41:46] [INFO]   [+] roadmap.md
[2026-03-16 10:41:46] [INFO]   [+] strategies.md
[2026-03-16 10:41:46] [INFO]   [+] system-architecture.md
[2026-03-16 10:41:46] [INFO] No changes
[2026-03-16 10:41:46] [INFO] === Complete ===
[2026-03-16 10:46:46] [INFO] === Brain Sync ===
[2026-03-16 10:46:46] [WARN]   [?] Master Tracker.md
[2026-03-16 10:46:46] [WARN]   [?] Dashboard.md
[2026-03-16 10:46:46] [WARN]   [?] Daily Log.md
[2026-03-16 10:46:46] [INFO]   [+] roadmap.md
[2026-03-16 10:46:46] [INFO]   [+] strategies.md
[2026-03-16 10:46:46] [INFO]   [+] system-architecture.md
[2026-03-16 10:46:46] [INFO] No changes
[2026-03-16 10:46:46] [INFO] === Complete ===
[2026-03-16 10:51:46] [INFO] === Brain Sync ===
[2026-03-16 10:51:46] [WARN]   [?] Master Tracker.md
[2026-03-16 10:51:46] [WARN]   [?] Dashboard.md
[2026-03-16 10:51:46] [WARN]   [?] Daily Log.md
[2026-03-16 10:51:46] [INFO]   [+] roadmap.md
[2026-03-16 10:51:46] [INFO]   [+] strategies.md
[2026-03-16 10:51:46] [INFO]   [+] system-architecture.md
[2026-03-16 10:51:46] [INFO] No changes
[2026-03-16 10:51:46] [INFO] === Complete ===
[2026-03-16 10:56:46] [INFO] === Brain Sync ===
[2026-03-16 10:56:46] [WARN]   [?] Master Tracker.md
[2026-03-16 10:56:46] [WARN]   [?] Dashboard.md
[2026-03-16 10:56:46] [WARN]   [?] Daily Log.md
[2026-03-16 10:56:46] [INFO]   [+] roadmap.md
[2026-03-16 10:56:46] [INFO]   [+] strategies.md
[2026-03-16 10:56:46] [INFO]   [+] system-architecture.md
[2026-03-16 10:56:46] [INFO] No changes
[2026-03-16 10:56:46] [INFO] === Complete ===
[2026-03-16 11:01:46] [INFO] === Brain Sync ===
[2026-03-16 11:01:46] [WARN]   [?] Master Tracker.md
[2026-03-16 11:01:46] [WARN]   [?] Dashboard.md
[2026-03-16 11:01:46] [WARN]   [?] Daily Log.md
[2026-03-16 11:01:46] [INFO]   [+] roadmap.md
[2026-03-16 11:01:46] [INFO]   [+] strategies.md
[2026-03-16 11:01:46] [INFO]   [+] system-architecture.md
[2026-03-16 11:01:46] [INFO] No changes
[2026-03-16 11:01:46] [INFO] === Complete ===
[2026-03-16 11:06:46] [INFO] === Brain Sync ===
[2026-03-16 11:06:46] [WARN]   [?] Master Tracker.md
[2026-03-16 11:06:46] [WARN]   [?] Dashboard.md
[2026-03-16 11:06:46] [WARN]   [?] Daily Log.md
[2026-03-16 11:06:46] [INFO]   [+] roadmap.md
[2026-03-16 11:06:46] [INFO]   [+] strategies.md
[2026-03-16 11:06:46] [INFO]   [+] system-architecture.md
[2026-03-16 11:06:46] [INFO] No changes
[2026-03-16 11:06:46] [INFO] === Complete ===
[2026-03-16 11:11:46] [INFO] === Brain Sync ===
[2026-03-16 11:11:46] [WARN]   [?] Master Tracker.md
[2026-03-16 11:11:46] [WARN]   [?] Dashboard.md
[2026-03-16 11:11:46] [WARN]   [?] Daily Log.md
[2026-03-16 11:11:46] [INFO]   [+] roadmap.md
[2026-03-16 11:11:46] [INFO]   [+] strategies.md
[2026-03-16 11:11:46] [INFO]   [+] system-architecture.md
[2026-03-16 11:11:46] [INFO] No changes
[2026-03-16 11:11:46] [INFO] === Complete ===
[2026-03-16 11:16:46] [INFO] === Brain Sync ===
[2026-03-16 11:16:46] [WARN]   [?] Master Tracker.md
[2026-03-16 11:16:46] [WARN]   [?] Dashboard.md
[2026-03-16 11:16:46] [WARN]   [?] Daily Log.md
[2026-03-16 11:16:46] [INFO]   [+] roadmap.md
[2026-03-16 11:16:46] [INFO]   [+] strategies.md
[2026-03-16 11:16:46] [INFO]   [+] system-architecture.md
[2026-03-16 11:16:46] [INFO] No changes
[2026-03-16 11:16:46] [INFO] === Complete ===
[2026-03-16 11:21:46] [INFO] === Brain Sync ===
[2026-03-16 11:21:46] [WARN]   [?] Master Tracker.md
[2026-03-16 11:21:46] [WARN]   [?] Dashboard.md
[2026-03-16 11:21:46] [WARN]   [?] Daily Log.md
[2026-03-16 11:21:46] [INFO]   [+] roadmap.md
[2026-03-16 11:21:46] [INFO]   [+] strategies.md
[2026-03-16 11:21:46] [INFO]   [+] system-architecture.md
[2026-03-16 11:21:46] [INFO] No changes
[2026-03-16 11:21:46] [INFO] === Complete ===
[2026-03-16 11:26:46] [INFO] === Brain Sync ===
[2026-03-16 11:26:46] [WARN]   [?] Master Tracker.md
[2026-03-16 11:26:46] [WARN]   [?] Dashboard.md
[2026-03-16 11:26:46] [WARN]   [?] Daily Log.md
[2026-03-16 11:26:46] [INFO]   [+] roadmap.md
[2026-03-16 11:26:46] [INFO]   [+] strategies.md
[2026-03-16 11:26:46] [INFO]   [+] system-architecture.md
[2026-03-16 11:26:46] [INFO] No changes
[2026-03-16 11:26:46] [INFO] === Complete ===
[2026-03-16 11:31:46] [INFO] === Brain Sync ===
[2026-03-16 11:31:46] [WARN]   [?] Master Tracker.md
[2026-03-16 11:31:46] [WARN]   [?] Dashboard.md
[2026-03-16 11:31:46] [WARN]   [?] Daily Log.md
[2026-03-16 11:31:46] [INFO]   [+] roadmap.md
[2026-03-16 11:31:46] [INFO]   [+] strategies.md
[2026-03-16 11:31:46] [INFO]   [+] system-architecture.md
[2026-03-16 11:31:47] [INFO] Pushed
[2026-03-16 11:31:47] [INFO] === Complete ===
[2026-03-16 11:36:46] [INFO] === Brain Sync ===
[2026-03-16 11:36:46] [WARN]   [?] Master Tracker.md
[2026-03-16 11:36:46] [WARN]   [?] Dashboard.md
[2026-03-16 11:36:46] [WARN]   [?] Daily Log.md
[2026-03-16 11:36:46] [INFO]   [+] roadmap.md
[2026-03-16 11:36:46] [INFO]   [+] strategies.md
[2026-03-16 11:36:46] [INFO]   [+] system-architecture.md
[2026-03-16 11:36:46] [INFO] No changes
[2026-03-16 11:36:46] [INFO] === Complete ===
[2026-03-16 11:41:46] [INFO] === Brain Sync ===
[2026-03-16 11:41:46] [WARN]   [?] Master Tracker.md
[2026-03-16 11:41:46] [WARN]   [?] Dashboard.md
[2026-03-16 11:41:46] [WARN]   [?] Daily Log.md
[2026-03-16 11:41:46] [INFO]   [+] roadmap.md
[2026-03-16 11:41:46] [INFO]   [+] strategies.md
[2026-03-16 11:41:46] [INFO]   [+] system-architecture.md
[2026-03-16 11:41:46] [INFO] No changes
[2026-03-16 11:41:46] [INFO] === Complete ===
[2026-03-16 11:46:46] [INFO] === Brain Sync ===
[2026-03-16 11:46:46] [WARN]   [?] Master Tracker.md
[2026-03-16 11:46:46] [WARN]   [?] Dashboard.md
[2026-03-16 11:46:46] [WARN]   [?] Daily Log.md
[2026-03-16 11:46:46] [INFO]   [+] roadmap.md
[2026-03-16 11:46:46] [INFO]   [+] strategies.md
[2026-03-16 11:46:46] [INFO]   [+] system-architecture.md
[2026-03-16 11:46:46] [INFO] No changes
[2026-03-16 11:46:46] [INFO] === Complete ===
[2026-03-16 11:51:46] [INFO] === Brain Sync ===
[2026-03-16 11:51:46] [WARN]   [?] Master Tracker.md
[2026-03-16 11:51:46] [WARN]   [?] Dashboard.md
[2026-03-16 11:51:46] [WARN]   [?] Daily Log.md
[2026-03-16 11:51:46] [INFO]   [+] roadmap.md
[2026-03-16 11:51:46] [INFO]   [+] strategies.md
[2026-03-16 11:51:46] [INFO]   [+] system-architecture.md
[2026-03-16 11:51:46] [INFO] No changes
[2026-03-16 11:51:46] [INFO] === Complete ===
[2026-03-16 11:56:46] [INFO] === Brain Sync ===
[2026-03-16 11:56:46] [WARN]   [?] Master Tracker.md
[2026-03-16 11:56:46] [WARN]   [?] Dashboard.md
[2026-03-16 11:56:46] [WARN]   [?] Daily Log.md
[2026-03-16 11:56:46] [INFO]   [+] roadmap.md
[2026-03-16 11:56:46] [INFO]   [+] strategies.md
[2026-03-16 11:56:46] [INFO]   [+] system-architecture.md
[2026-03-16 11:56:46] [INFO] No changes
[2026-03-16 11:56:46] [INFO] === Complete ===
[2026-03-16 12:01:46] [INFO] === Brain Sync ===
[2026-03-16 12:01:46] [WARN]   [?] Master Tracker.md
[2026-03-16 12:01:46] [WARN]   [?] Dashboard.md
[2026-03-16 12:01:46] [WARN]   [?] Daily Log.md
[2026-03-16 12:01:46] [INFO]   [+] roadmap.md
[2026-03-16 12:01:46] [INFO]   [+] strategies.md
[2026-03-16 12:01:46] [INFO]   [+] system-architecture.md
[2026-03-16 12:01:46] [INFO] No changes
[2026-03-16 12:01:46] [INFO] === Complete ===
[2026-03-16 12:06:46] [INFO] === Brain Sync ===
[2026-03-16 12:06:46] [WARN]   [?] Master Tracker.md
[2026-03-16 12:06:46] [WARN]   [?] Dashboard.md
[2026-03-16 12:06:46] [WARN]   [?] Daily Log.md
[2026-03-16 12:06:46] [INFO]   [+] roadmap.md
[2026-03-16 12:06:46] [INFO]   [+] strategies.md
[2026-03-16 12:06:46] [INFO]   [+] system-architecture.md
[2026-03-16 12:06:47] [INFO] Pushed
[2026-03-16 12:06:47] [INFO] === Complete ===
[2026-03-16 12:11:46] [INFO] === Brain Sync ===
[2026-03-16 12:11:46] [WARN]   [?] Master Tracker.md
[2026-03-16 12:11:46] [WARN]   [?] Dashboard.md
[2026-03-16 12:11:46] [WARN]   [?] Daily Log.md
[2026-03-16 12:11:46] [INFO]   [+] roadmap.md
[2026-03-16 12:11:46] [INFO]   [+] strategies.md
[2026-03-16 12:11:46] [INFO]   [+] system-architecture.md
[2026-03-16 12:11:46] [INFO] No changes
[2026-03-16 12:11:46] [INFO] === Complete ===
[2026-03-16 12:16:46] [INFO] === Brain Sync ===
[2026-03-16 12:16:46] [WARN]   [?] Master Tracker.md
[2026-03-16 12:16:46] [WARN]   [?] Dashboard.md
[2026-03-16 12:16:46] [WARN]   [?] Daily Log.md
[2026-03-16 12:16:46] [INFO]   [+] roadmap.md
[2026-03-16 12:16:46] [INFO]   [+] strategies.md
[2026-03-16 12:16:46] [INFO]   [+] system-architecture.md
[2026-03-16 12:16:46] [INFO] No changes
[2026-03-16 12:16:46] [INFO] === Complete ===
[2026-03-16 12:21:46] [INFO] === Brain Sync ===
[2026-03-16 12:21:46] [WARN]   [?] Master Tracker.md
[2026-03-16 12:21:46] [WARN]   [?] Dashboard.md
[2026-03-16 12:21:46] [WARN]   [?] Daily Log.md
[2026-03-16 12:21:46] [INFO]   [+] roadmap.md
[2026-03-16 12:21:46] [INFO]   [+] strategies.md
[2026-03-16 12:21:46] [INFO]   [+] system-architecture.md
[2026-03-16 12:21:46] [INFO] No changes
[2026-03-16 12:21:46] [INFO] === Complete ===
[2026-03-16 12:26:46] [INFO] === Brain Sync ===
[2026-03-16 12:26:46] [WARN]   [?] Master Tracker.md
[2026-03-16 12:26:46] [WARN]   [?] Dashboard.md
[2026-03-16 12:26:46] [WARN]   [?] Daily Log.md
[2026-03-16 12:26:46] [INFO]   [+] roadmap.md
[2026-03-16 12:26:46] [INFO]   [+] strategies.md
[2026-03-16 12:26:46] [INFO]   [+] system-architecture.md
[2026-03-16 12:26:46] [INFO] No changes
[2026-03-16 12:26:46] [INFO] === Complete ===
[2026-03-16 12:31:46] [INFO] === Brain Sync ===
[2026-03-16 12:31:46] [WARN]   [?] Master Tracker.md
[2026-03-16 12:31:46] [WARN]   [?] Dashboard.md
[2026-03-16 12:31:46] [WARN]   [?] Daily Log.md
[2026-03-16 12:31:46] [INFO]   [+] roadmap.md
[2026-03-16 12:31:46] [INFO]   [+] strategies.md
[2026-03-16 12:31:46] [INFO]   [+] system-architecture.md
[2026-03-16 12:31:48] [INFO] Pushed
[2026-03-16 12:31:48] [INFO] === Complete ===
[2026-03-16 12:36:46] [INFO] === Brain Sync ===
[2026-03-16 12:36:46] [WARN]   [?] Master Tracker.md
[2026-03-16 12:36:46] [WARN]   [?] Dashboard.md
[2026-03-16 12:36:46] [WARN]   [?] Daily Log.md
[2026-03-16 12:36:46] [INFO]   [+] roadmap.md
[2026-03-16 12:36:46] [INFO]   [+] strategies.md
[2026-03-16 12:36:46] [INFO]   [+] system-architecture.md
[2026-03-16 12:36:46] [INFO] No changes
[2026-03-16 12:36:46] [INFO] === Complete ===
[2026-03-16 12:41:46] [INFO] === Brain Sync ===
[2026-03-16 12:41:46] [WARN]   [?] Master Tracker.md
[2026-03-16 12:41:46] [WARN]   [?] Dashboard.md
[2026-03-16 12:41:46] [WARN]   [?] Daily Log.md
[2026-03-16 12:41:46] [INFO]   [+] roadmap.md
[2026-03-16 12:41:46] [INFO]   [+] strategies.md
[2026-03-16 12:41:46] [INFO]   [+] system-architecture.md
[2026-03-16 12:41:46] [INFO] No changes
[2026-03-16 12:41:46] [INFO] === Complete ===
[2026-03-16 12:46:46] [INFO] === Brain Sync ===
[2026-03-16 12:46:46] [WARN]   [?] Master Tracker.md
[2026-03-16 12:46:46] [WARN]   [?] Dashboard.md
[2026-03-16 12:46:46] [WARN]   [?] Daily Log.md
[2026-03-16 12:46:46] [INFO]   [+] roadmap.md
[2026-03-16 12:46:46] [INFO]   [+] strategies.md
[2026-03-16 12:46:46] [INFO]   [+] system-architecture.md
[2026-03-16 12:46:46] [INFO] No changes
[2026-03-16 12:46:46] [INFO] === Complete ===
[2026-03-16 12:51:46] [INFO] === Brain Sync ===
[2026-03-16 12:51:46] [WARN]   [?] Master Tracker.md
[2026-03-16 12:51:46] [WARN]   [?] Dashboard.md
[2026-03-16 12:51:46] [WARN]   [?] Daily Log.md
[2026-03-16 12:51:46] [INFO]   [+] roadmap.md
[2026-03-16 12:51:46] [INFO]   [+] strategies.md
[2026-03-16 12:51:46] [INFO]   [+] system-architecture.md
[2026-03-16 12:51:46] [INFO] No changes
[2026-03-16 12:51:46] [INFO] === Complete ===
[2026-03-16 12:56:46] [INFO] === Brain Sync ===
[2026-03-16 12:56:46] [WARN]   [?] Master Tracker.md
[2026-03-16 12:56:46] [WARN]   [?] Dashboard.md
[2026-03-16 12:56:46] [WARN]   [?] Daily Log.md
[2026-03-16 12:56:46] [INFO]   [+] roadmap.md
[2026-03-16 12:56:46] [INFO]   [+] strategies.md
[2026-03-16 12:56:46] [INFO]   [+] system-architecture.md
[2026-03-16 12:56:46] [INFO] No changes
[2026-03-16 12:56:46] [INFO] === Complete ===
[2026-03-16 13:01:46] [INFO] === Brain Sync ===
[2026-03-16 13:01:46] [WARN]   [?] Master Tracker.md
[2026-03-16 13:01:46] [WARN]   [?] Dashboard.md
[2026-03-16 13:01:46] [WARN]   [?] Daily Log.md
[2026-03-16 13:01:46] [INFO]   [+] roadmap.md
[2026-03-16 13:01:46] [INFO]   [+] strategies.md
[2026-03-16 13:01:46] [INFO]   [+] system-architecture.md
[2026-03-16 13:01:47] [INFO] Pushed
[2026-03-16 13:01:47] [INFO] === Complete ===
[2026-03-16 13:06:46] [INFO] === Brain Sync ===
[2026-03-16 13:06:46] [WARN]   [?] Master Tracker.md
[2026-03-16 13:06:46] [WARN]   [?] Dashboard.md
[2026-03-16 13:06:46] [WARN]   [?] Daily Log.md
[2026-03-16 13:06:46] [INFO]   [+] roadmap.md
[2026-03-16 13:06:46] [INFO]   [+] strategies.md
[2026-03-16 13:06:46] [INFO]   [+] system-architecture.md
[2026-03-16 13:06:46] [INFO] No changes
[2026-03-16 13:06:46] [INFO] === Complete ===
[2026-03-16 13:11:46] [INFO] === Brain Sync ===
[2026-03-16 13:11:46] [WARN]   [?] Master Tracker.md
[2026-03-16 13:11:46] [WARN]   [?] Dashboard.md
[2026-03-16 13:11:46] [WARN]   [?] Daily Log.md
[2026-03-16 13:11:46] [INFO]   [+] roadmap.md
[2026-03-16 13:11:46] [INFO]   [+] strategies.md
[2026-03-16 13:11:46] [INFO]   [+] system-architecture.md
[2026-03-16 13:11:46] [INFO] No changes
[2026-03-16 13:11:46] [INFO] === Complete ===
[2026-03-16 13:16:45] [INFO] === Brain Sync ===
[2026-03-16 13:16:45] [WARN]   [?] Master Tracker.md
[2026-03-16 13:16:45] [WARN]   [?] Dashboard.md
[2026-03-16 13:16:45] [WARN]   [?] Daily Log.md
[2026-03-16 13:16:45] [INFO]   [+] roadmap.md
[2026-03-16 13:16:45] [INFO]   [+] strategies.md
[2026-03-16 13:16:45] [INFO]   [+] system-architecture.md
[2026-03-16 13:16:45] [INFO] No changes
[2026-03-16 13:16:45] [INFO] === Complete ===
[2026-03-16 13:21:45] [INFO] === Brain Sync ===
[2026-03-16 13:21:45] [WARN]   [?] Master Tracker.md
[2026-03-16 13:21:45] [WARN]   [?] Dashboard.md
[2026-03-16 13:21:45] [WARN]   [?] Daily Log.md
[2026-03-16 13:21:45] [INFO]   [+] roadmap.md
[2026-03-16 13:21:45] [INFO]   [+] strategies.md
[2026-03-16 13:21:45] [INFO]   [+] system-architecture.md
[2026-03-16 13:21:45] [INFO] No changes
[2026-03-16 13:21:45] [INFO] === Complete ===
[2026-03-16 13:26:45] [INFO] === Brain Sync ===
[2026-03-16 13:26:45] [WARN]   [?] Master Tracker.md
[2026-03-16 13:26:45] [WARN]   [?] Dashboard.md
[2026-03-16 13:26:45] [WARN]   [?] Daily Log.md
[2026-03-16 13:26:45] [INFO]   [+] roadmap.md
[2026-03-16 13:26:45] [INFO]   [+] strategies.md
[2026-03-16 13:26:45] [INFO]   [+] system-architecture.md
[2026-03-16 13:26:45] [INFO] No changes
[2026-03-16 13:26:45] [INFO] === Complete ===
[2026-03-16 13:31:45] [INFO] === Brain Sync ===
[2026-03-16 13:31:45] [WARN]   [?] Master Tracker.md
[2026-03-16 13:31:45] [WARN]   [?] Dashboard.md
[2026-03-16 13:31:45] [WARN]   [?] Daily Log.md
[2026-03-16 13:31:45] [INFO]   [+] roadmap.md
[2026-03-16 13:31:45] [INFO]   [+] strategies.md
[2026-03-16 13:31:45] [INFO]   [+] system-architecture.md
[2026-03-16 13:31:46] [INFO] Pushed
[2026-03-16 13:31:46] [INFO] === Complete ===
[2026-03-16 13:36:45] [INFO] === Brain Sync ===
[2026-03-16 13:36:45] [WARN]   [?] Master Tracker.md
[2026-03-16 13:36:45] [WARN]   [?] Dashboard.md
[2026-03-16 13:36:45] [WARN]   [?] Daily Log.md
[2026-03-16 13:36:45] [INFO]   [+] roadmap.md
[2026-03-16 13:36:45] [INFO]   [+] strategies.md
[2026-03-16 13:36:45] [INFO]   [+] system-architecture.md
[2026-03-16 13:36:45] [INFO] No changes
[2026-03-16 13:36:45] [INFO] === Complete ===
[2026-03-16 13:41:45] [INFO] === Brain Sync ===
[2026-03-16 13:41:45] [WARN]   [?] Master Tracker.md
[2026-03-16 13:41:45] [WARN]   [?] Dashboard.md
[2026-03-16 13:41:45] [WARN]   [?] Daily Log.md
[2026-03-16 13:41:45] [INFO]   [+] roadmap.md
[2026-03-16 13:41:45] [INFO]   [+] strategies.md
[2026-03-16 13:41:45] [INFO]   [+] system-architecture.md
[2026-03-16 13:41:45] [INFO] No changes
[2026-03-16 13:41:45] [INFO] === Complete ===
[2026-03-16 13:46:45] [INFO] === Brain Sync ===
[2026-03-16 13:46:45] [WARN]   [?] Master Tracker.md
[2026-03-16 13:46:45] [WARN]   [?] Dashboard.md
[2026-03-16 13:46:45] [WARN]   [?] Daily Log.md
[2026-03-16 13:46:45] [INFO]   [+] roadmap.md
[2026-03-16 13:46:45] [INFO]   [+] strategies.md
[2026-03-16 13:46:45] [INFO]   [+] system-architecture.md
[2026-03-16 13:46:45] [INFO] No changes
[2026-03-16 13:46:45] [INFO] === Complete ===
[2026-03-16 13:51:45] [INFO] === Brain Sync ===
[2026-03-16 13:51:45] [WARN]   [?] Master Tracker.md
[2026-03-16 13:51:45] [WARN]   [?] Dashboard.md
[2026-03-16 13:51:45] [WARN]   [?] Daily Log.md
[2026-03-16 13:51:45] [INFO]   [+] roadmap.md
[2026-03-16 13:51:45] [INFO]   [+] strategies.md
[2026-03-16 13:51:45] [INFO]   [+] system-architecture.md
[2026-03-16 13:51:45] [INFO] No changes
[2026-03-16 13:51:45] [INFO] === Complete ===
[2026-03-16 13:56:45] [INFO] === Brain Sync ===
[2026-03-16 13:56:45] [WARN]   [?] Master Tracker.md
[2026-03-16 13:56:45] [WARN]   [?] Dashboard.md
[2026-03-16 13:56:45] [WARN]   [?] Daily Log.md
[2026-03-16 13:56:45] [INFO]   [+] roadmap.md
[2026-03-16 13:56:45] [INFO]   [+] strategies.md
[2026-03-16 13:56:45] [INFO]   [+] system-architecture.md
[2026-03-16 13:56:45] [INFO] No changes
[2026-03-16 13:56:45] [INFO] === Complete ===
[2026-03-16 14:01:45] [INFO] === Brain Sync ===
[2026-03-16 14:01:45] [WARN]   [?] Master Tracker.md
[2026-03-16 14:01:45] [WARN]   [?] Dashboard.md
[2026-03-16 14:01:45] [WARN]   [?] Daily Log.md
[2026-03-16 14:01:45] [INFO]   [+] roadmap.md
[2026-03-16 14:01:45] [INFO]   [+] strategies.md
[2026-03-16 14:01:45] [INFO]   [+] system-architecture.md
[2026-03-16 14:01:46] [INFO] Pushed
[2026-03-16 14:01:46] [INFO] === Complete ===
[2026-03-16 14:06:45] [INFO] === Brain Sync ===
[2026-03-16 14:06:45] [WARN]   [?] Master Tracker.md
[2026-03-16 14:06:45] [WARN]   [?] Dashboard.md
[2026-03-16 14:06:45] [WARN]   [?] Daily Log.md
[2026-03-16 14:06:45] [INFO]   [+] roadmap.md
[2026-03-16 14:06:45] [INFO]   [+] strategies.md
[2026-03-16 14:06:45] [INFO]   [+] system-architecture.md
[2026-03-16 14:06:45] [INFO] No changes
[2026-03-16 14:06:45] [INFO] === Complete ===
[2026-03-16 14:11:45] [INFO] === Brain Sync ===
[2026-03-16 14:11:45] [WARN]   [?] Master Tracker.md
[2026-03-16 14:11:45] [WARN]   [?] Dashboard.md
[2026-03-16 14:11:45] [WARN]   [?] Daily Log.md
[2026-03-16 14:11:45] [INFO]   [+] roadmap.md
[2026-03-16 14:11:45] [INFO]   [+] strategies.md
[2026-03-16 14:11:45] [INFO]   [+] system-architecture.md
[2026-03-16 14:11:45] [INFO] No changes
[2026-03-16 14:11:45] [INFO] === Complete ===
[2026-03-16 14:16:45] [INFO] === Brain Sync ===
[2026-03-16 14:16:45] [WARN]   [?] Master Tracker.md
[2026-03-16 14:16:45] [WARN]   [?] Dashboard.md
[2026-03-16 14:16:45] [WARN]   [?] Daily Log.md
[2026-03-16 14:16:45] [INFO]   [+] roadmap.md
[2026-03-16 14:16:45] [INFO]   [+] strategies.md
[2026-03-16 14:16:45] [INFO]   [+] system-architecture.md
[2026-03-16 14:16:45] [INFO] No changes
[2026-03-16 14:16:45] [INFO] === Complete ===
[2026-03-16 14:21:45] [INFO] === Brain Sync ===
[2026-03-16 14:21:45] [WARN]   [?] Master Tracker.md
[2026-03-16 14:21:45] [WARN]   [?] Dashboard.md
[2026-03-16 14:21:45] [WARN]   [?] Daily Log.md
[2026-03-16 14:21:45] [INFO]   [+] roadmap.md
[2026-03-16 14:21:45] [INFO]   [+] strategies.md
[2026-03-16 14:21:45] [INFO]   [+] system-architecture.md
[2026-03-16 14:21:45] [INFO] No changes
[2026-03-16 14:21:45] [INFO] === Complete ===
[2026-03-16 14:26:45] [INFO] === Brain Sync ===
[2026-03-16 14:26:45] [WARN]   [?] Master Tracker.md
[2026-03-16 14:26:45] [WARN]   [?] Dashboard.md
[2026-03-16 14:26:45] [WARN]   [?] Daily Log.md
[2026-03-16 14:26:45] [INFO]   [+] roadmap.md
[2026-03-16 14:26:45] [INFO]   [+] strategies.md
[2026-03-16 14:26:45] [INFO]   [+] system-architecture.md
[2026-03-16 14:26:45] [INFO] No changes
[2026-03-16 14:26:45] [INFO] === Complete ===
[2026-03-16 14:31:45] [INFO] === Brain Sync ===
[2026-03-16 14:31:45] [WARN]   [?] Master Tracker.md
[2026-03-16 14:31:45] [WARN]   [?] Dashboard.md
[2026-03-16 14:31:45] [WARN]   [?] Daily Log.md
[2026-03-16 14:31:45] [INFO]   [+] roadmap.md
[2026-03-16 14:31:45] [INFO]   [+] strategies.md
[2026-03-16 14:31:45] [INFO]   [+] system-architecture.md
[2026-03-16 14:31:47] [INFO] Pushed
[2026-03-16 14:31:47] [INFO] === Complete ===
[2026-03-16 14:36:45] [INFO] === Brain Sync ===
[2026-03-16 14:36:45] [WARN]   [?] Master Tracker.md
[2026-03-16 14:36:45] [WARN]   [?] Dashboard.md
[2026-03-16 14:36:45] [WARN]   [?] Daily Log.md
[2026-03-16 14:36:45] [INFO]   [+] roadmap.md
[2026-03-16 14:36:45] [INFO]   [+] strategies.md
[2026-03-16 14:36:45] [INFO]   [+] system-architecture.md
[2026-03-16 14:36:45] [INFO] No changes
[2026-03-16 14:36:45] [INFO] === Complete ===
[2026-03-16 14:41:45] [INFO] === Brain Sync ===
[2026-03-16 14:41:45] [WARN]   [?] Master Tracker.md
[2026-03-16 14:41:45] [WARN]   [?] Dashboard.md
[2026-03-16 14:41:45] [WARN]   [?] Daily Log.md
[2026-03-16 14:41:45] [INFO]   [+] roadmap.md
[2026-03-16 14:41:45] [INFO]   [+] strategies.md
[2026-03-16 14:41:45] [INFO]   [+] system-architecture.md
[2026-03-16 14:41:45] [INFO] No changes
[2026-03-16 14:41:45] [INFO] === Complete ===
[2026-03-16 14:46:45] [INFO] === Brain Sync ===
[2026-03-16 14:46:45] [WARN]   [?] Master Tracker.md
[2026-03-16 14:46:45] [WARN]   [?] Dashboard.md
[2026-03-16 14:46:45] [WARN]   [?] Daily Log.md
[2026-03-16 14:46:45] [INFO]   [+] roadmap.md
[2026-03-16 14:46:45] [INFO]   [+] strategies.md
[2026-03-16 14:46:45] [INFO]   [+] system-architecture.md
[2026-03-16 14:46:45] [INFO] No changes
[2026-03-16 14:46:45] [INFO] === Complete ===
[2026-03-16 14:51:45] [INFO] === Brain Sync ===
[2026-03-16 14:51:45] [WARN]   [?] Master Tracker.md
[2026-03-16 14:51:45] [WARN]   [?] Dashboard.md
[2026-03-16 14:51:45] [WARN]   [?] Daily Log.md
[2026-03-16 14:51:45] [INFO]   [+] roadmap.md
[2026-03-16 14:51:45] [INFO]   [+] strategies.md
[2026-03-16 14:51:45] [INFO]   [+] system-architecture.md
[2026-03-16 14:51:45] [INFO] No changes
[2026-03-16 14:51:45] [INFO] === Complete ===
[2026-03-16 14:56:45] [INFO] === Brain Sync ===
[2026-03-16 14:56:45] [WARN]   [?] Master Tracker.md
[2026-03-16 14:56:45] [WARN]   [?] Dashboard.md
[2026-03-16 14:56:45] [WARN]   [?] Daily Log.md
[2026-03-16 14:56:45] [INFO]   [+] roadmap.md
[2026-03-16 14:56:45] [INFO]   [+] strategies.md
[2026-03-16 14:56:45] [INFO]   [+] system-architecture.md
[2026-03-16 14:56:45] [INFO] No changes
[2026-03-16 14:56:45] [INFO] === Complete ===
[2026-03-16 15:01:45] [INFO] === Brain Sync ===
[2026-03-16 15:01:45] [WARN]   [?] Master Tracker.md
[2026-03-16 15:01:45] [WARN]   [?] Dashboard.md
[2026-03-16 15:01:45] [WARN]   [?] Daily Log.md
[2026-03-16 15:01:45] [INFO]   [+] roadmap.md
[2026-03-16 15:01:45] [INFO]   [+] strategies.md
[2026-03-16 15:01:45] [INFO]   [+] system-architecture.md
[2026-03-16 15:01:46] [INFO] Pushed
[2026-03-16 15:01:46] [INFO] === Complete ===
[2026-03-16 15:06:45] [INFO] === Brain Sync ===
[2026-03-16 15:06:45] [WARN]   [?] Master Tracker.md
[2026-03-16 15:06:45] [WARN]   [?] Dashboard.md
[2026-03-16 15:06:45] [WARN]   [?] Daily Log.md
[2026-03-16 15:06:45] [INFO]   [+] roadmap.md
[2026-03-16 15:06:45] [INFO]   [+] strategies.md
[2026-03-16 15:06:45] [INFO]   [+] system-architecture.md
[2026-03-16 15:06:46] [INFO] Pushed
[2026-03-16 15:06:46] [INFO] === Complete ===
[2026-03-16 15:11:45] [INFO] === Brain Sync ===
[2026-03-16 15:11:45] [WARN]   [?] Master Tracker.md
[2026-03-16 15:11:45] [WARN]   [?] Dashboard.md
[2026-03-16 15:11:45] [WARN]   [?] Daily Log.md
[2026-03-16 15:11:45] [INFO]   [+] roadmap.md
[2026-03-16 15:11:45] [INFO]   [+] strategies.md
[2026-03-16 15:11:45] [INFO]   [+] system-architecture.md
[2026-03-16 15:11:46] [INFO] Pushed
[2026-03-16 15:11:46] [INFO] === Complete ===
[2026-03-16 15:16:45] [INFO] === Brain Sync ===
[2026-03-16 15:16:45] [WARN]   [?] Master Tracker.md
[2026-03-16 15:16:45] [WARN]   [?] Dashboard.md
[2026-03-16 15:16:45] [WARN]   [?] Daily Log.md
[2026-03-16 15:16:45] [INFO]   [+] roadmap.md
[2026-03-16 15:16:45] [INFO]   [+] strategies.md
[2026-03-16 15:16:45] [INFO]   [+] system-architecture.md
[2026-03-16 15:16:45] [INFO] No changes
[2026-03-16 15:16:45] [INFO] === Complete ===
[2026-03-16 15:21:45] [INFO] === Brain Sync ===
[2026-03-16 15:21:45] [WARN]   [?] Master Tracker.md
[2026-03-16 15:21:45] [WARN]   [?] Dashboard.md
[2026-03-16 15:21:45] [WARN]   [?] Daily Log.md
[2026-03-16 15:21:45] [INFO]   [+] roadmap.md
[2026-03-16 15:21:45] [INFO]   [+] strategies.md
[2026-03-16 15:21:45] [INFO]   [+] system-architecture.md
[2026-03-16 15:21:45] [INFO] No changes
[2026-03-16 15:21:45] [INFO] === Complete ===
[2026-03-16 15:26:45] [INFO] === Brain Sync ===
[2026-03-16 15:26:45] [WARN]   [?] Master Tracker.md
[2026-03-16 15:26:45] [WARN]   [?] Dashboard.md
[2026-03-16 15:26:45] [WARN]   [?] Daily Log.md
[2026-03-16 15:26:45] [INFO]   [+] roadmap.md
[2026-03-16 15:26:45] [INFO]   [+] strategies.md
[2026-03-16 15:26:45] [INFO]   [+] system-architecture.md
[2026-03-16 15:26:45] [INFO] No changes
[2026-03-16 15:26:45] [INFO] === Complete ===
[2026-03-16 15:31:45] [INFO] === Brain Sync ===
[2026-03-16 15:31:45] [WARN]   [?] Master Tracker.md
[2026-03-16 15:31:45] [WARN]   [?] Dashboard.md
[2026-03-16 15:31:45] [WARN]   [?] Daily Log.md
[2026-03-16 15:31:45] [INFO]   [+] roadmap.md
[2026-03-16 15:31:45] [INFO]   [+] strategies.md
[2026-03-16 15:31:45] [INFO]   [+] system-architecture.md
[2026-03-16 15:31:47] [INFO] Pushed
[2026-03-16 15:31:47] [INFO] === Complete ===
[2026-03-16 15:36:45] [INFO] === Brain Sync ===
[2026-03-16 15:36:45] [WARN]   [?] Master Tracker.md
[2026-03-16 15:36:45] [WARN]   [?] Dashboard.md
[2026-03-16 15:36:45] [WARN]   [?] Daily Log.md
[2026-03-16 15:36:45] [INFO]   [+] roadmap.md
[2026-03-16 15:36:45] [INFO]   [+] strategies.md
[2026-03-16 15:36:45] [INFO]   [+] system-architecture.md
[2026-03-16 15:36:45] [INFO] No changes
[2026-03-16 15:36:45] [INFO] === Complete ===
[2026-03-16 15:41:45] [INFO] === Brain Sync ===
[2026-03-16 15:41:45] [WARN]   [?] Master Tracker.md
[2026-03-16 15:41:45] [WARN]   [?] Dashboard.md
[2026-03-16 15:41:45] [WARN]   [?] Daily Log.md
[2026-03-16 15:41:45] [INFO]   [+] roadmap.md
[2026-03-16 15:41:45] [INFO]   [+] strategies.md
[2026-03-16 15:41:45] [INFO]   [+] system-architecture.md
[2026-03-16 15:41:45] [INFO] No changes
[2026-03-16 15:41:45] [INFO] === Complete ===
[2026-03-16 15:46:45] [INFO] === Brain Sync ===
[2026-03-16 15:46:45] [WARN]   [?] Master Tracker.md
[2026-03-16 15:46:45] [WARN]   [?] Dashboard.md
[2026-03-16 15:46:45] [WARN]   [?] Daily Log.md
[2026-03-16 15:46:45] [INFO]   [+] roadmap.md
[2026-03-16 15:46:45] [INFO]   [+] strategies.md
[2026-03-16 15:46:45] [INFO]   [+] system-architecture.md
[2026-03-16 15:46:45] [INFO] No changes
[2026-03-16 15:46:45] [INFO] === Complete ===
[2026-03-16 15:51:45] [INFO] === Brain Sync ===
[2026-03-16 15:51:45] [WARN]   [?] Master Tracker.md
[2026-03-16 15:51:45] [WARN]   [?] Dashboard.md
[2026-03-16 15:51:45] [WARN]   [?] Daily Log.md
[2026-03-16 15:51:45] [INFO]   [+] roadmap.md
[2026-03-16 15:51:45] [INFO]   [+] strategies.md
[2026-03-16 15:51:45] [INFO]   [+] system-architecture.md
[2026-03-16 15:51:45] [INFO] No changes
[2026-03-16 15:51:45] [INFO] === Complete ===
[2026-03-16 15:56:45] [INFO] === Brain Sync ===
[2026-03-16 15:56:45] [WARN]   [?] Master Tracker.md
[2026-03-16 15:56:45] [WARN]   [?] Dashboard.md
[2026-03-16 15:56:45] [WARN]   [?] Daily Log.md
[2026-03-16 15:56:45] [INFO]   [+] roadmap.md
[2026-03-16 15:56:45] [INFO]   [+] strategies.md
[2026-03-16 15:56:45] [INFO]   [+] system-architecture.md
[2026-03-16 15:56:45] [INFO] No changes
[2026-03-16 15:56:45] [INFO] === Complete ===
[2026-03-16 16:01:45] [INFO] === Brain Sync ===
[2026-03-16 16:01:45] [WARN]   [?] Master Tracker.md
[2026-03-16 16:01:45] [WARN]   [?] Dashboard.md
[2026-03-16 16:01:45] [WARN]   [?] Daily Log.md
[2026-03-16 16:01:45] [INFO]   [+] roadmap.md
[2026-03-16 16:01:45] [INFO]   [+] strategies.md
[2026-03-16 16:01:45] [INFO]   [+] system-architecture.md
[2026-03-16 16:01:46] [INFO] Pushed
[2026-03-16 16:01:46] [INFO] === Complete ===
[2026-03-16 16:06:46] [INFO] === Brain Sync ===
[2026-03-16 16:06:46] [WARN]   [?] Master Tracker.md
[2026-03-16 16:06:46] [WARN]   [?] Dashboard.md
[2026-03-16 16:06:46] [WARN]   [?] Daily Log.md
[2026-03-16 16:06:46] [INFO]   [+] roadmap.md
[2026-03-16 16:06:46] [INFO]   [+] strategies.md
[2026-03-16 16:06:46] [INFO]   [+] system-architecture.md
[2026-03-16 16:06:46] [INFO] No changes
[2026-03-16 16:06:46] [INFO] === Complete ===
[2026-03-16 16:11:45] [INFO] === Brain Sync ===
[2026-03-16 16:11:45] [WARN]   [?] Master Tracker.md
[2026-03-16 16:11:45] [WARN]   [?] Dashboard.md
[2026-03-16 16:11:45] [WARN]   [?] Daily Log.md
[2026-03-16 16:11:45] [INFO]   [+] roadmap.md
[2026-03-16 16:11:45] [INFO]   [+] strategies.md
[2026-03-16 16:11:45] [INFO]   [+] system-architecture.md
[2026-03-16 16:11:45] [INFO] No changes
[2026-03-16 16:11:45] [INFO] === Complete ===
[2026-03-16 16:16:45] [INFO] === Brain Sync ===
[2026-03-16 16:16:45] [WARN]   [?] Master Tracker.md
[2026-03-16 16:16:45] [WARN]   [?] Dashboard.md
[2026-03-16 16:16:45] [WARN]   [?] Daily Log.md
[2026-03-16 16:16:45] [INFO]   [+] roadmap.md
[2026-03-16 16:16:45] [INFO]   [+] strategies.md
[2026-03-16 16:16:45] [INFO]   [+] system-architecture.md
[2026-03-16 16:16:45] [INFO] No changes
[2026-03-16 16:16:45] [INFO] === Complete ===
[2026-03-16 16:21:45] [INFO] === Brain Sync ===
[2026-03-16 16:21:45] [WARN]   [?] Master Tracker.md
[2026-03-16 16:21:45] [WARN]   [?] Dashboard.md
[2026-03-16 16:21:45] [WARN]   [?] Daily Log.md
[2026-03-16 16:21:45] [INFO]   [+] roadmap.md
[2026-03-16 16:21:45] [INFO]   [+] strategies.md
[2026-03-16 16:21:45] [INFO]   [+] system-architecture.md
[2026-03-16 16:21:45] [INFO] No changes
[2026-03-16 16:21:45] [INFO] === Complete ===
[2026-03-16 16:26:45] [INFO] === Brain Sync ===
[2026-03-16 16:26:45] [WARN]   [?] Master Tracker.md
[2026-03-16 16:26:45] [WARN]   [?] Dashboard.md
[2026-03-16 16:26:45] [WARN]   [?] Daily Log.md
[2026-03-16 16:26:45] [INFO]   [+] roadmap.md
[2026-03-16 16:26:45] [INFO]   [+] strategies.md
[2026-03-16 16:26:45] [INFO]   [+] system-architecture.md
[2026-03-16 16:26:45] [INFO] No changes
[2026-03-16 16:26:45] [INFO] === Complete ===
[2026-03-16 16:31:45] [INFO] === Brain Sync ===
[2026-03-16 16:31:45] [WARN]   [?] Master Tracker.md
[2026-03-16 16:31:45] [WARN]   [?] Dashboard.md
[2026-03-16 16:31:45] [WARN]   [?] Daily Log.md
[2026-03-16 16:31:45] [INFO]   [+] roadmap.md
[2026-03-16 16:31:45] [INFO]   [+] strategies.md
[2026-03-16 16:31:45] [INFO]   [+] system-architecture.md
[2026-03-16 16:31:46] [INFO] Pushed
[2026-03-16 16:31:46] [INFO] === Complete ===
[2026-03-16 16:36:45] [INFO] === Brain Sync ===
[2026-03-16 16:36:45] [WARN]   [?] Master Tracker.md
[2026-03-16 16:36:45] [WARN]   [?] Dashboard.md
[2026-03-16 16:36:45] [WARN]   [?] Daily Log.md
[2026-03-16 16:36:45] [INFO]   [+] roadmap.md
[2026-03-16 16:36:45] [INFO]   [+] strategies.md
[2026-03-16 16:36:45] [INFO]   [+] system-architecture.md
[2026-03-16 16:36:45] [INFO] No changes
[2026-03-16 16:36:45] [INFO] === Complete ===
[2026-03-16 16:41:45] [INFO] === Brain Sync ===
[2026-03-16 16:41:45] [WARN]   [?] Master Tracker.md
[2026-03-16 16:41:45] [WARN]   [?] Dashboard.md
[2026-03-16 16:41:45] [WARN]   [?] Daily Log.md
[2026-03-16 16:41:45] [INFO]   [+] roadmap.md
[2026-03-16 16:41:45] [INFO]   [+] strategies.md
[2026-03-16 16:41:45] [INFO]   [+] system-architecture.md
[2026-03-16 16:41:45] [INFO] No changes
[2026-03-16 16:41:45] [INFO] === Complete ===
[2026-03-16 16:46:45] [INFO] === Brain Sync ===
[2026-03-16 16:46:45] [WARN]   [?] Master Tracker.md
[2026-03-16 16:46:45] [WARN]   [?] Dashboard.md
[2026-03-16 16:46:45] [WARN]   [?] Daily Log.md
[2026-03-16 16:46:45] [INFO]   [+] roadmap.md
[2026-03-16 16:46:45] [INFO]   [+] strategies.md
[2026-03-16 16:46:45] [INFO]   [+] system-architecture.md
[2026-03-16 16:46:46] [INFO] Pushed
[2026-03-16 16:46:46] [INFO] === Complete ===
[2026-03-16 16:51:45] [INFO] === Brain Sync ===
[2026-03-16 16:51:45] [WARN]   [?] Master Tracker.md
[2026-03-16 16:51:45] [WARN]   [?] Dashboard.md
[2026-03-16 16:51:45] [WARN]   [?] Daily Log.md
[2026-03-16 16:51:45] [INFO]   [+] roadmap.md
[2026-03-16 16:51:45] [INFO]   [+] strategies.md
[2026-03-16 16:51:45] [INFO]   [+] system-architecture.md
[2026-03-16 16:51:46] [INFO] Pushed
[2026-03-16 16:51:46] [INFO] === Complete ===
[2026-03-16 16:56:45] [INFO] === Brain Sync ===
[2026-03-16 16:56:45] [WARN]   [?] Master Tracker.md
[2026-03-16 16:56:45] [WARN]   [?] Dashboard.md
[2026-03-16 16:56:45] [WARN]   [?] Daily Log.md
[2026-03-16 16:56:45] [INFO]   [+] roadmap.md
[2026-03-16 16:56:45] [INFO]   [+] strategies.md
[2026-03-16 16:56:45] [INFO]   [+] system-architecture.md
[2026-03-16 16:56:45] [INFO] No changes
[2026-03-16 16:56:45] [INFO] === Complete ===
[2026-03-16 17:01:45] [INFO] === Brain Sync ===
[2026-03-16 17:01:45] [WARN]   [?] Master Tracker.md
[2026-03-16 17:01:45] [WARN]   [?] Dashboard.md
[2026-03-16 17:01:45] [WARN]   [?] Daily Log.md
[2026-03-16 17:01:45] [INFO]   [+] roadmap.md
[2026-03-16 17:01:45] [INFO]   [+] strategies.md
[2026-03-16 17:01:45] [INFO]   [+] system-architecture.md
[2026-03-16 17:01:45] [INFO] No changes
[2026-03-16 17:01:45] [INFO] === Complete ===
[2026-03-16 17:06:45] [INFO] === Brain Sync ===
[2026-03-16 17:06:45] [WARN]   [?] Master Tracker.md
[2026-03-16 17:06:45] [WARN]   [?] Dashboard.md
[2026-03-16 17:06:45] [WARN]   [?] Daily Log.md
[2026-03-16 17:06:45] [INFO]   [+] roadmap.md
[2026-03-16 17:06:45] [INFO]   [+] strategies.md
[2026-03-16 17:06:45] [INFO]   [+] system-architecture.md
[2026-03-16 17:06:45] [INFO] No changes
[2026-03-16 17:06:45] [INFO] === Complete ===
[2026-03-16 17:11:45] [INFO] === Brain Sync ===
[2026-03-16 17:11:45] [WARN]   [?] Master Tracker.md
[2026-03-16 17:11:45] [WARN]   [?] Dashboard.md
[2026-03-16 17:11:45] [WARN]   [?] Daily Log.md
[2026-03-16 17:11:45] [INFO]   [+] roadmap.md
[2026-03-16 17:11:45] [INFO]   [+] strategies.md
[2026-03-16 17:11:45] [INFO]   [+] system-architecture.md
[2026-03-16 17:11:45] [INFO] No changes
[2026-03-16 17:11:45] [INFO] === Complete ===
[2026-03-16 17:16:45] [INFO] === Brain Sync ===
[2026-03-16 17:16:45] [WARN]   [?] Master Tracker.md
[2026-03-16 17:16:45] [WARN]   [?] Dashboard.md
[2026-03-16 17:16:45] [WARN]   [?] Daily Log.md
[2026-03-16 17:16:45] [INFO]   [+] roadmap.md
[2026-03-16 17:16:45] [INFO]   [+] strategies.md
[2026-03-16 17:16:45] [INFO]   [+] system-architecture.md
[2026-03-16 17:16:45] [INFO] No changes
[2026-03-16 17:16:45] [INFO] === Complete ===
[2026-03-16 17:21:45] [INFO] === Brain Sync ===
[2026-03-16 17:21:45] [WARN]   [?] Master Tracker.md
[2026-03-16 17:21:45] [WARN]   [?] Dashboard.md
[2026-03-16 17:21:45] [WARN]   [?] Daily Log.md
[2026-03-16 17:21:45] [INFO]   [+] roadmap.md
[2026-03-16 17:21:45] [INFO]   [+] strategies.md
[2026-03-16 17:21:45] [INFO]   [+] system-architecture.md
[2026-03-16 17:21:45] [INFO] No changes
[2026-03-16 17:21:45] [INFO] === Complete ===
[2026-03-16 17:26:45] [INFO] === Brain Sync ===
[2026-03-16 17:26:45] [WARN]   [?] Master Tracker.md
[2026-03-16 17:26:45] [WARN]   [?] Dashboard.md
[2026-03-16 17:26:45] [WARN]   [?] Daily Log.md
[2026-03-16 17:26:45] [INFO]   [+] roadmap.md
[2026-03-16 17:26:45] [INFO]   [+] strategies.md
[2026-03-16 17:26:45] [INFO]   [+] system-architecture.md
[2026-03-16 17:26:45] [INFO] No changes
[2026-03-16 17:26:45] [INFO] === Complete ===
[2026-03-16 17:31:45] [INFO] === Brain Sync ===
[2026-03-16 17:31:45] [WARN]   [?] Master Tracker.md
[2026-03-16 17:31:45] [WARN]   [?] Dashboard.md
[2026-03-16 17:31:45] [WARN]   [?] Daily Log.md
[2026-03-16 17:31:45] [INFO]   [+] roadmap.md
[2026-03-16 17:31:45] [INFO]   [+] strategies.md
[2026-03-16 17:31:45] [INFO]   [+] system-architecture.md
[2026-03-16 17:31:45] [INFO] No changes
[2026-03-16 17:31:45] [INFO] === Complete ===
[2026-03-16 17:36:45] [INFO] === Brain Sync ===
[2026-03-16 17:36:45] [WARN]   [?] Master Tracker.md
[2026-03-16 17:36:45] [WARN]   [?] Dashboard.md
[2026-03-16 17:36:45] [WARN]   [?] Daily Log.md
[2026-03-16 17:36:45] [INFO]   [+] roadmap.md
[2026-03-16 17:36:45] [INFO]   [+] strategies.md
[2026-03-16 17:36:45] [INFO]   [+] system-architecture.md
[2026-03-16 17:36:45] [INFO] No changes
[2026-03-16 17:36:45] [INFO] === Complete ===
[2026-03-16 17:41:45] [INFO] === Brain Sync ===
[2026-03-16 17:41:45] [WARN]   [?] Master Tracker.md
[2026-03-16 17:41:45] [WARN]   [?] Dashboard.md
[2026-03-16 17:41:45] [WARN]   [?] Daily Log.md
[2026-03-16 17:41:45] [INFO]   [+] roadmap.md
[2026-03-16 17:41:45] [INFO]   [+] strategies.md
[2026-03-16 17:41:45] [INFO]   [+] system-architecture.md
[2026-03-16 17:41:45] [INFO] No changes
[2026-03-16 17:41:45] [INFO] === Complete ===
[2026-03-16 17:46:45] [INFO] === Brain Sync ===
[2026-03-16 17:46:45] [WARN]   [?] Master Tracker.md
[2026-03-16 17:46:45] [WARN]   [?] Dashboard.md
[2026-03-16 17:46:45] [WARN]   [?] Daily Log.md
[2026-03-16 17:46:45] [INFO]   [+] roadmap.md
[2026-03-16 17:46:45] [INFO]   [+] strategies.md
[2026-03-16 17:46:45] [INFO]   [+] system-architecture.md
[2026-03-16 17:46:45] [INFO] No changes
[2026-03-16 17:46:45] [INFO] === Complete ===
[2026-03-16 17:51:46] [INFO] === Brain Sync ===
[2026-03-16 17:51:46] [WARN]   [?] Master Tracker.md
[2026-03-16 17:51:46] [WARN]   [?] Dashboard.md
[2026-03-16 17:51:46] [WARN]   [?] Daily Log.md
[2026-03-16 17:51:46] [INFO]   [+] roadmap.md
[2026-03-16 17:51:46] [INFO]   [+] strategies.md
[2026-03-16 17:51:46] [INFO]   [+] system-architecture.md
[2026-03-16 17:51:46] [INFO] No changes
[2026-03-16 17:51:46] [INFO] === Complete ===
[2026-03-16 17:56:46] [INFO] === Brain Sync ===
[2026-03-16 17:56:46] [WARN]   [?] Master Tracker.md
[2026-03-16 17:56:46] [WARN]   [?] Dashboard.md
[2026-03-16 17:56:46] [WARN]   [?] Daily Log.md
[2026-03-16 17:56:46] [INFO]   [+] roadmap.md
[2026-03-16 17:56:46] [INFO]   [+] strategies.md
[2026-03-16 17:56:46] [INFO]   [+] system-architecture.md
[2026-03-16 17:56:46] [INFO] No changes
[2026-03-16 17:56:46] [INFO] === Complete ===
[2026-03-16 18:01:45] [INFO] === Brain Sync ===
[2026-03-16 18:01:45] [WARN]   [?] Master Tracker.md
[2026-03-16 18:01:45] [WARN]   [?] Dashboard.md
[2026-03-16 18:01:45] [WARN]   [?] Daily Log.md
[2026-03-16 18:01:45] [INFO]   [+] roadmap.md
[2026-03-16 18:01:45] [INFO]   [+] strategies.md
[2026-03-16 18:01:45] [INFO]   [+] system-architecture.md
[2026-03-16 18:01:45] [INFO] No changes
[2026-03-16 18:01:45] [INFO] === Complete ===
[2026-03-16 18:06:47] [INFO] === Brain Sync ===
[2026-03-16 18:06:47] [WARN]   [?] Master Tracker.md
[2026-03-16 18:06:47] [WARN]   [?] Dashboard.md
[2026-03-16 18:06:47] [WARN]   [?] Daily Log.md
[2026-03-16 18:06:47] [INFO]   [+] roadmap.md
[2026-03-16 18:06:47] [INFO]   [+] strategies.md
[2026-03-16 18:06:47] [INFO]   [+] system-architecture.md
[2026-03-16 18:06:49] [INFO] Pushed
[2026-03-16 18:06:49] [INFO] === Complete ===
[2026-03-16 18:11:45] [INFO] === Brain Sync ===
[2026-03-16 18:11:45] [WARN]   [?] Master Tracker.md
[2026-03-16 18:11:45] [WARN]   [?] Dashboard.md
[2026-03-16 18:11:45] [WARN]   [?] Daily Log.md
[2026-03-16 18:11:45] [INFO]   [+] roadmap.md
[2026-03-16 18:11:45] [INFO]   [+] strategies.md
[2026-03-16 18:11:45] [INFO]   [+] system-architecture.md
[2026-03-16 18:11:45] [INFO] No changes
[2026-03-16 18:11:45] [INFO] === Complete ===
[2026-03-16 18:16:45] [INFO] === Brain Sync ===
[2026-03-16 18:16:45] [WARN]   [?] Master Tracker.md
[2026-03-16 18:16:45] [WARN]   [?] Dashboard.md
[2026-03-16 18:16:45] [WARN]   [?] Daily Log.md
[2026-03-16 18:16:45] [INFO]   [+] roadmap.md
[2026-03-16 18:16:45] [INFO]   [+] strategies.md
[2026-03-16 18:16:45] [INFO]   [+] system-architecture.md
[2026-03-16 18:16:45] [INFO] No changes
[2026-03-16 18:16:45] [INFO] === Complete ===
[2026-03-16 18:21:45] [INFO] === Brain Sync ===
[2026-03-16 18:21:45] [WARN]   [?] Master Tracker.md
[2026-03-16 18:21:45] [WARN]   [?] Dashboard.md
[2026-03-16 18:21:45] [WARN]   [?] Daily Log.md
[2026-03-16 18:21:45] [INFO]   [+] roadmap.md
[2026-03-16 18:21:45] [INFO]   [+] strategies.md
[2026-03-16 18:21:45] [INFO]   [+] system-architecture.md
[2026-03-16 18:21:45] [INFO] No changes
[2026-03-16 18:21:45] [INFO] === Complete ===
[2026-03-16 18:26:45] [INFO] === Brain Sync ===
[2026-03-16 18:26:45] [WARN]   [?] Master Tracker.md
[2026-03-16 18:26:45] [WARN]   [?] Dashboard.md
[2026-03-16 18:26:45] [WARN]   [?] Daily Log.md
[2026-03-16 18:26:45] [INFO]   [+] roadmap.md
[2026-03-16 18:26:45] [INFO]   [+] strategies.md
[2026-03-16 18:26:45] [INFO]   [+] system-architecture.md
[2026-03-16 18:26:45] [INFO] No changes
[2026-03-16 18:26:45] [INFO] === Complete ===
[2026-03-16 18:31:45] [INFO] === Brain Sync ===
[2026-03-16 18:31:45] [WARN]   [?] Master Tracker.md
[2026-03-16 18:31:45] [WARN]   [?] Dashboard.md
[2026-03-16 18:31:45] [WARN]   [?] Daily Log.md
[2026-03-16 18:31:45] [INFO]   [+] roadmap.md
[2026-03-16 18:31:45] [INFO]   [+] strategies.md
[2026-03-16 18:31:45] [INFO]   [+] system-architecture.md
[2026-03-16 18:31:45] [INFO] No changes
[2026-03-16 18:31:45] [INFO] === Complete ===
[2026-03-16 18:36:45] [INFO] === Brain Sync ===
[2026-03-16 18:36:45] [WARN]   [?] Master Tracker.md
[2026-03-16 18:36:45] [WARN]   [?] Dashboard.md
[2026-03-16 18:36:45] [WARN]   [?] Daily Log.md
[2026-03-16 18:36:45] [INFO]   [+] roadmap.md
[2026-03-16 18:36:45] [INFO]   [+] strategies.md
[2026-03-16 18:36:45] [INFO]   [+] system-architecture.md
[2026-03-16 18:36:45] [INFO] No changes
[2026-03-16 18:36:45] [INFO] === Complete ===
[2026-03-16 18:41:45] [INFO] === Brain Sync ===
[2026-03-16 18:41:45] [WARN]   [?] Master Tracker.md
[2026-03-16 18:41:45] [WARN]   [?] Dashboard.md
[2026-03-16 18:41:45] [WARN]   [?] Daily Log.md
[2026-03-16 18:41:45] [INFO]   [+] roadmap.md
[2026-03-16 18:41:45] [INFO]   [+] strategies.md
[2026-03-16 18:41:45] [INFO]   [+] system-architecture.md
[2026-03-16 18:41:45] [INFO] No changes
[2026-03-16 18:41:45] [INFO] === Complete ===
[2026-03-16 18:46:45] [INFO] === Brain Sync ===
[2026-03-16 18:46:45] [WARN]   [?] Master Tracker.md
[2026-03-16 18:46:45] [WARN]   [?] Dashboard.md
[2026-03-16 18:46:45] [WARN]   [?] Daily Log.md
[2026-03-16 18:46:45] [INFO]   [+] roadmap.md
[2026-03-16 18:46:45] [INFO]   [+] strategies.md
[2026-03-16 18:46:45] [INFO]   [+] system-architecture.md
[2026-03-16 18:46:45] [INFO] No changes
[2026-03-16 18:46:45] [INFO] === Complete ===
[2026-03-16 18:51:45] [INFO] === Brain Sync ===
[2026-03-16 18:51:45] [WARN]   [?] Master Tracker.md
[2026-03-16 18:51:45] [WARN]   [?] Dashboard.md
[2026-03-16 18:51:45] [WARN]   [?] Daily Log.md
[2026-03-16 18:51:45] [INFO]   [+] roadmap.md
[2026-03-16 18:51:45] [INFO]   [+] strategies.md
[2026-03-16 18:51:45] [INFO]   [+] system-architecture.md
[2026-03-16 18:51:45] [INFO] No changes
[2026-03-16 18:51:45] [INFO] === Complete ===
[2026-03-16 18:56:45] [INFO] === Brain Sync ===
[2026-03-16 18:56:45] [WARN]   [?] Master Tracker.md
[2026-03-16 18:56:45] [WARN]   [?] Dashboard.md
[2026-03-16 18:56:45] [WARN]   [?] Daily Log.md
[2026-03-16 18:56:45] [INFO]   [+] roadmap.md
[2026-03-16 18:56:45] [INFO]   [+] strategies.md
[2026-03-16 18:56:45] [INFO]   [+] system-architecture.md
[2026-03-16 18:56:45] [INFO] No changes
[2026-03-16 18:56:45] [INFO] === Complete ===
[2026-03-16 19:01:45] [INFO] === Brain Sync ===
[2026-03-16 19:01:45] [WARN]   [?] Master Tracker.md
[2026-03-16 19:01:45] [WARN]   [?] Dashboard.md
[2026-03-16 19:01:45] [WARN]   [?] Daily Log.md
[2026-03-16 19:01:45] [INFO]   [+] roadmap.md
[2026-03-16 19:01:45] [INFO]   [+] strategies.md
[2026-03-16 19:01:45] [INFO]   [+] system-architecture.md
[2026-03-16 19:01:45] [INFO] No changes
[2026-03-16 19:01:45] [INFO] === Complete ===
[2026-03-16 19:06:45] [INFO] === Brain Sync ===
[2026-03-16 19:06:45] [WARN]   [?] Master Tracker.md
[2026-03-16 19:06:45] [WARN]   [?] Dashboard.md
[2026-03-16 19:06:45] [WARN]   [?] Daily Log.md
[2026-03-16 19:06:45] [INFO]   [+] roadmap.md
[2026-03-16 19:06:45] [INFO]   [+] strategies.md
[2026-03-16 19:06:45] [INFO]   [+] system-architecture.md
[2026-03-16 19:06:45] [INFO] No changes
[2026-03-16 19:06:45] [INFO] === Complete ===
[2026-03-16 19:11:45] [INFO] === Brain Sync ===
[2026-03-16 19:11:45] [WARN]   [?] Master Tracker.md
[2026-03-16 19:11:45] [WARN]   [?] Dashboard.md
[2026-03-16 19:11:45] [WARN]   [?] Daily Log.md
[2026-03-16 19:11:45] [INFO]   [+] roadmap.md
[2026-03-16 19:11:45] [INFO]   [+] strategies.md
[2026-03-16 19:11:45] [INFO]   [+] system-architecture.md
[2026-03-16 19:11:45] [INFO] No changes
[2026-03-16 19:11:45] [INFO] === Complete ===
[2026-03-16 19:16:45] [INFO] === Brain Sync ===
[2026-03-16 19:16:45] [WARN]   [?] Master Tracker.md
[2026-03-16 19:16:45] [WARN]   [?] Dashboard.md
[2026-03-16 19:16:45] [WARN]   [?] Daily Log.md
[2026-03-16 19:16:45] [INFO]   [+] roadmap.md
[2026-03-16 19:16:45] [INFO]   [+] strategies.md
[2026-03-16 19:16:45] [INFO]   [+] system-architecture.md
[2026-03-16 19:16:45] [INFO] No changes
[2026-03-16 19:16:45] [INFO] === Complete ===
[2026-03-16 19:21:45] [INFO] === Brain Sync ===
[2026-03-16 19:21:45] [WARN]   [?] Master Tracker.md
[2026-03-16 19:21:45] [WARN]   [?] Dashboard.md
[2026-03-16 19:21:45] [WARN]   [?] Daily Log.md
[2026-03-16 19:21:45] [INFO]   [+] roadmap.md
[2026-03-16 19:21:45] [INFO]   [+] strategies.md
[2026-03-16 19:21:45] [INFO]   [+] system-architecture.md
[2026-03-16 19:21:45] [INFO] No changes
[2026-03-16 19:21:45] [INFO] === Complete ===
[2026-03-16 19:26:45] [INFO] === Brain Sync ===
[2026-03-16 19:26:45] [WARN]   [?] Master Tracker.md
[2026-03-16 19:26:45] [WARN]   [?] Dashboard.md
[2026-03-16 19:26:45] [WARN]   [?] Daily Log.md
[2026-03-16 19:26:45] [INFO]   [+] roadmap.md
[2026-03-16 19:26:45] [INFO]   [+] strategies.md
[2026-03-16 19:26:45] [INFO]   [+] system-architecture.md
[2026-03-16 19:26:45] [INFO] No changes
[2026-03-16 19:26:45] [INFO] === Complete ===
[2026-03-16 19:31:45] [INFO] === Brain Sync ===
[2026-03-16 19:31:45] [WARN]   [?] Master Tracker.md
[2026-03-16 19:31:45] [WARN]   [?] Dashboard.md
[2026-03-16 19:31:45] [WARN]   [?] Daily Log.md
[2026-03-16 19:31:45] [INFO]   [+] roadmap.md
[2026-03-16 19:31:45] [INFO]   [+] strategies.md
[2026-03-16 19:31:45] [INFO]   [+] system-architecture.md
[2026-03-16 19:31:45] [INFO] No changes
[2026-03-16 19:31:45] [INFO] === Complete ===
[2026-03-16 19:36:45] [INFO] === Brain Sync ===
[2026-03-16 19:36:45] [WARN]   [?] Master Tracker.md
[2026-03-16 19:36:45] [WARN]   [?] Dashboard.md
[2026-03-16 19:36:45] [WARN]   [?] Daily Log.md
[2026-03-16 19:36:45] [INFO]   [+] roadmap.md
[2026-03-16 19:36:45] [INFO]   [+] strategies.md
[2026-03-16 19:36:45] [INFO]   [+] system-architecture.md
[2026-03-16 19:36:45] [INFO] No changes
[2026-03-16 19:36:45] [INFO] === Complete ===
[2026-03-16 19:41:45] [INFO] === Brain Sync ===
[2026-03-16 19:41:45] [WARN]   [?] Master Tracker.md
[2026-03-16 19:41:45] [WARN]   [?] Dashboard.md
[2026-03-16 19:41:45] [WARN]   [?] Daily Log.md
[2026-03-16 19:41:45] [INFO]   [+] roadmap.md
[2026-03-16 19:41:45] [INFO]   [+] strategies.md
[2026-03-16 19:41:45] [INFO]   [+] system-architecture.md
[2026-03-16 19:41:45] [INFO] No changes
[2026-03-16 19:41:45] [INFO] === Complete ===
[2026-03-16 19:46:45] [INFO] === Brain Sync ===
[2026-03-16 19:46:45] [WARN]   [?] Master Tracker.md
[2026-03-16 19:46:45] [WARN]   [?] Dashboard.md
[2026-03-16 19:46:45] [WARN]   [?] Daily Log.md
[2026-03-16 19:46:45] [INFO]   [+] roadmap.md
[2026-03-16 19:46:45] [INFO]   [+] strategies.md
[2026-03-16 19:46:45] [INFO]   [+] system-architecture.md
[2026-03-16 19:46:45] [INFO] No changes
[2026-03-16 19:46:46] [INFO] === Complete ===
[2026-03-16 19:51:45] [INFO] === Brain Sync ===
[2026-03-16 19:51:45] [WARN]   [?] Master Tracker.md
[2026-03-16 19:51:46] [WARN]   [?] Dashboard.md
[2026-03-16 19:51:46] [WARN]   [?] Daily Log.md
[2026-03-16 19:51:46] [INFO]   [+] roadmap.md
[2026-03-16 19:51:46] [INFO]   [+] strategies.md
[2026-03-16 19:51:46] [INFO]   [+] system-architecture.md
[2026-03-16 19:51:46] [INFO] No changes
[2026-03-16 19:51:46] [INFO] === Complete ===
[2026-03-16 19:56:45] [INFO] === Brain Sync ===
[2026-03-16 19:56:46] [WARN]   [?] Master Tracker.md
[2026-03-16 19:56:46] [WARN]   [?] Dashboard.md
[2026-03-16 19:56:46] [WARN]   [?] Daily Log.md
[2026-03-16 19:56:46] [INFO]   [+] roadmap.md
[2026-03-16 19:56:46] [INFO]   [+] strategies.md
[2026-03-16 19:56:46] [INFO]   [+] system-architecture.md
[2026-03-16 19:56:46] [INFO] No changes
[2026-03-16 19:56:46] [INFO] === Complete ===
[2026-03-16 20:01:45] [INFO] === Brain Sync ===
[2026-03-16 20:01:46] [WARN]   [?] Master Tracker.md
[2026-03-16 20:01:46] [WARN]   [?] Dashboard.md
[2026-03-16 20:01:46] [WARN]   [?] Daily Log.md
[2026-03-16 20:01:46] [INFO]   [+] roadmap.md
[2026-03-16 20:01:46] [INFO]   [+] strategies.md
[2026-03-16 20:01:46] [INFO]   [+] system-architecture.md
[2026-03-16 20:01:46] [INFO] No changes
[2026-03-16 20:01:46] [INFO] === Complete ===
[2026-03-16 20:06:45] [INFO] === Brain Sync ===
[2026-03-16 20:06:45] [WARN]   [?] Master Tracker.md
[2026-03-16 20:06:45] [WARN]   [?] Dashboard.md
[2026-03-16 20:06:45] [WARN]   [?] Daily Log.md
[2026-03-16 20:06:46] [INFO]   [+] roadmap.md
[2026-03-16 20:06:46] [INFO]   [+] strategies.md
[2026-03-16 20:06:46] [INFO]   [+] system-architecture.md
[2026-03-16 20:06:46] [INFO] No changes
[2026-03-16 20:06:46] [INFO] === Complete ===
[2026-03-16 20:11:45] [INFO] === Brain Sync ===
[2026-03-16 20:11:45] [WARN]   [?] Master Tracker.md
[2026-03-16 20:11:45] [WARN]   [?] Dashboard.md
[2026-03-16 20:11:45] [WARN]   [?] Daily Log.md
[2026-03-16 20:11:46] [INFO]   [+] roadmap.md
[2026-03-16 20:11:46] [INFO]   [+] strategies.md
[2026-03-16 20:11:46] [INFO]   [+] system-architecture.md
[2026-03-16 20:11:46] [INFO] No changes
[2026-03-16 20:11:46] [INFO] === Complete ===
[2026-03-16 20:16:45] [INFO] === Brain Sync ===
[2026-03-16 20:16:45] [WARN]   [?] Master Tracker.md
[2026-03-16 20:16:45] [WARN]   [?] Dashboard.md
[2026-03-16 20:16:45] [WARN]   [?] Daily Log.md
[2026-03-16 20:16:45] [INFO]   [+] roadmap.md
[2026-03-16 20:16:45] [INFO]   [+] strategies.md
[2026-03-16 20:16:45] [INFO]   [+] system-architecture.md
[2026-03-16 20:16:46] [INFO] No changes
[2026-03-16 20:16:46] [INFO] === Complete ===
[2026-03-16 20:21:45] [INFO] === Brain Sync ===
[2026-03-16 20:21:45] [WARN]   [?] Master Tracker.md
[2026-03-16 20:21:46] [WARN]   [?] Dashboard.md
[2026-03-16 20:21:46] [WARN]   [?] Daily Log.md
[2026-03-16 20:21:46] [INFO]   [+] roadmap.md
[2026-03-16 20:21:46] [INFO]   [+] strategies.md
[2026-03-16 20:21:46] [INFO]   [+] system-architecture.md
[2026-03-16 20:21:46] [INFO] No changes
[2026-03-16 20:21:46] [INFO] === Complete ===
[2026-03-16 20:26:45] [INFO] === Brain Sync ===
[2026-03-16 20:26:45] [WARN]   [?] Master Tracker.md
[2026-03-16 20:26:45] [WARN]   [?] Dashboard.md
[2026-03-16 20:26:45] [WARN]   [?] Daily Log.md
[2026-03-16 20:26:45] [INFO]   [+] roadmap.md
[2026-03-16 20:26:45] [INFO]   [+] strategies.md
[2026-03-16 20:26:45] [INFO]   [+] system-architecture.md
[2026-03-16 20:26:46] [INFO] No changes
[2026-03-16 20:26:46] [INFO] === Complete ===
[2026-03-16 20:31:45] [INFO] === Brain Sync ===
[2026-03-16 20:31:46] [WARN]   [?] Master Tracker.md
[2026-03-16 20:31:46] [WARN]   [?] Dashboard.md
[2026-03-16 20:31:46] [WARN]   [?] Daily Log.md
[2026-03-16 20:31:46] [INFO]   [+] roadmap.md
[2026-03-16 20:31:46] [INFO]   [+] strategies.md
[2026-03-16 20:31:46] [INFO]   [+] system-architecture.md
[2026-03-16 20:31:46] [INFO] No changes
[2026-03-16 20:31:46] [INFO] === Complete ===
[2026-03-16 20:36:45] [INFO] === Brain Sync ===
[2026-03-16 20:36:45] [WARN]   [?] Master Tracker.md
[2026-03-16 20:36:45] [WARN]   [?] Dashboard.md
[2026-03-16 20:36:45] [WARN]   [?] Daily Log.md
[2026-03-16 20:36:46] [INFO]   [+] roadmap.md
[2026-03-16 20:36:46] [INFO]   [+] strategies.md
[2026-03-16 20:36:46] [INFO]   [+] system-architecture.md
[2026-03-16 20:36:46] [INFO] No changes
[2026-03-16 20:36:46] [INFO] === Complete ===
[2026-03-16 20:41:45] [INFO] === Brain Sync ===
[2026-03-16 20:41:46] [WARN]   [?] Master Tracker.md
[2026-03-16 20:41:46] [WARN]   [?] Dashboard.md
[2026-03-16 20:41:46] [WARN]   [?] Daily Log.md
[2026-03-16 20:41:46] [INFO]   [+] roadmap.md
[2026-03-16 20:41:46] [INFO]   [+] strategies.md
[2026-03-16 20:41:46] [INFO]   [+] system-architecture.md
[2026-03-16 20:41:46] [INFO] No changes
[2026-03-16 20:41:46] [INFO] === Complete ===
[2026-03-16 20:46:45] [INFO] === Brain Sync ===
[2026-03-16 20:46:46] [WARN]   [?] Master Tracker.md
[2026-03-16 20:46:46] [WARN]   [?] Dashboard.md
[2026-03-16 20:46:46] [WARN]   [?] Daily Log.md
[2026-03-16 20:46:46] [INFO]   [+] roadmap.md
[2026-03-16 20:46:46] [INFO]   [+] strategies.md
[2026-03-16 20:46:46] [INFO]   [+] system-architecture.md
[2026-03-16 20:46:46] [INFO] No changes
[2026-03-16 20:46:46] [INFO] === Complete ===
[2026-03-16 20:51:46] [INFO] === Brain Sync ===
[2026-03-16 20:51:46] [WARN]   [?] Master Tracker.md
[2026-03-16 20:51:46] [WARN]   [?] Dashboard.md
[2026-03-16 20:51:46] [WARN]   [?] Daily Log.md
[2026-03-16 20:51:46] [INFO]   [+] roadmap.md
[2026-03-16 20:51:46] [INFO]   [+] strategies.md
[2026-03-16 20:51:46] [INFO]   [+] system-architecture.md
[2026-03-16 20:51:46] [INFO] No changes
[2026-03-16 20:51:46] [INFO] === Complete ===
[2026-03-16 20:56:46] [INFO] === Brain Sync ===
[2026-03-16 20:56:46] [WARN]   [?] Master Tracker.md
[2026-03-16 20:56:46] [WARN]   [?] Dashboard.md
[2026-03-16 20:56:46] [WARN]   [?] Daily Log.md
[2026-03-16 20:56:46] [INFO]   [+] roadmap.md
[2026-03-16 20:56:46] [INFO]   [+] strategies.md
[2026-03-16 20:56:46] [INFO]   [+] system-architecture.md
[2026-03-16 20:56:46] [INFO] No changes
[2026-03-16 20:56:46] [INFO] === Complete ===
[2026-03-16 21:01:46] [INFO] === Brain Sync ===
[2026-03-16 21:01:46] [WARN]   [?] Master Tracker.md
[2026-03-16 21:01:46] [WARN]   [?] Dashboard.md
[2026-03-16 21:01:46] [WARN]   [?] Daily Log.md
[2026-03-16 21:01:46] [INFO]   [+] roadmap.md
[2026-03-16 21:01:46] [INFO]   [+] strategies.md
[2026-03-16 21:01:46] [INFO]   [+] system-architecture.md
[2026-03-16 21:01:46] [INFO] No changes
[2026-03-16 21:01:46] [INFO] === Complete ===
[2026-03-16 21:06:46] [INFO] === Brain Sync ===
[2026-03-16 21:06:46] [WARN]   [?] Master Tracker.md
[2026-03-16 21:06:46] [WARN]   [?] Dashboard.md
[2026-03-16 21:06:46] [WARN]   [?] Daily Log.md
[2026-03-16 21:06:46] [INFO]   [+] roadmap.md
[2026-03-16 21:06:46] [INFO]   [+] strategies.md
[2026-03-16 21:06:46] [INFO]   [+] system-architecture.md
[2026-03-16 21:06:46] [INFO] No changes
[2026-03-16 21:06:46] [INFO] === Complete ===
[2026-03-16 21:11:46] [INFO] === Brain Sync ===
[2026-03-16 21:11:46] [WARN]   [?] Master Tracker.md
[2026-03-16 21:11:46] [WARN]   [?] Dashboard.md
[2026-03-16 21:11:46] [WARN]   [?] Daily Log.md
[2026-03-16 21:11:46] [INFO]   [+] roadmap.md
[2026-03-16 21:11:46] [INFO]   [+] strategies.md
[2026-03-16 21:11:46] [INFO]   [+] system-architecture.md
[2026-03-16 21:11:46] [INFO] No changes
[2026-03-16 21:11:46] [INFO] === Complete ===
[2026-03-16 21:16:46] [INFO] === Brain Sync ===
[2026-03-16 21:16:46] [WARN]   [?] Master Tracker.md
[2026-03-16 21:16:46] [WARN]   [?] Dashboard.md
[2026-03-16 21:16:46] [WARN]   [?] Daily Log.md
[2026-03-16 21:16:46] [INFO]   [+] roadmap.md
[2026-03-16 21:16:46] [INFO]   [+] strategies.md
[2026-03-16 21:16:46] [INFO]   [+] system-architecture.md
[2026-03-16 21:16:46] [INFO] No changes
[2026-03-16 21:16:46] [INFO] === Complete ===
[2026-03-16 21:21:45] [INFO] === Brain Sync ===
[2026-03-16 21:21:46] [WARN]   [?] Master Tracker.md
[2026-03-16 21:21:46] [WARN]   [?] Dashboard.md
[2026-03-16 21:21:46] [WARN]   [?] Daily Log.md
[2026-03-16 21:21:46] [INFO]   [+] roadmap.md
[2026-03-16 21:21:46] [INFO]   [+] strategies.md
[2026-03-16 21:21:46] [INFO]   [+] system-architecture.md
[2026-03-16 21:21:46] [INFO] No changes
[2026-03-16 21:21:46] [INFO] === Complete ===
[2026-03-16 21:26:46] [INFO] === Brain Sync ===
[2026-03-16 21:26:46] [WARN]   [?] Master Tracker.md
[2026-03-16 21:26:46] [WARN]   [?] Dashboard.md
[2026-03-16 21:26:46] [WARN]   [?] Daily Log.md
[2026-03-16 21:26:46] [INFO]   [+] roadmap.md
[2026-03-16 21:26:46] [INFO]   [+] strategies.md
[2026-03-16 21:26:46] [INFO]   [+] system-architecture.md
[2026-03-16 21:26:46] [INFO] No changes
[2026-03-16 21:26:46] [INFO] === Complete ===
[2026-03-16 21:31:46] [INFO] === Brain Sync ===
[2026-03-16 21:31:46] [WARN]   [?] Master Tracker.md
[2026-03-16 21:31:46] [WARN]   [?] Dashboard.md
[2026-03-16 21:31:46] [WARN]   [?] Daily Log.md
[2026-03-16 21:31:46] [INFO]   [+] roadmap.md
[2026-03-16 21:31:46] [INFO]   [+] strategies.md
[2026-03-16 21:31:46] [INFO]   [+] system-architecture.md
[2026-03-16 21:31:46] [INFO] No changes
[2026-03-16 21:31:46] [INFO] === Complete ===
[2026-03-16 21:36:46] [INFO] === Brain Sync ===
[2026-03-16 21:36:46] [WARN]   [?] Master Tracker.md
[2026-03-16 21:36:46] [WARN]   [?] Dashboard.md
[2026-03-16 21:36:46] [WARN]   [?] Daily Log.md
[2026-03-16 21:36:46] [INFO]   [+] roadmap.md
[2026-03-16 21:36:46] [INFO]   [+] strategies.md
[2026-03-16 21:36:46] [INFO]   [+] system-architecture.md
[2026-03-16 21:36:46] [INFO] No changes
[2026-03-16 21:36:46] [INFO] === Complete ===
[2026-03-16 21:41:46] [INFO] === Brain Sync ===
[2026-03-16 21:41:46] [WARN]   [?] Master Tracker.md
[2026-03-16 21:41:46] [WARN]   [?] Dashboard.md
[2026-03-16 21:41:46] [WARN]   [?] Daily Log.md
[2026-03-16 21:41:46] [INFO]   [+] roadmap.md
[2026-03-16 21:41:46] [INFO]   [+] strategies.md
[2026-03-16 21:41:46] [INFO]   [+] system-architecture.md
[2026-03-16 21:41:46] [INFO] No changes
[2026-03-16 21:41:46] [INFO] === Complete ===
[2026-03-16 21:46:46] [INFO] === Brain Sync ===
[2026-03-16 21:46:46] [WARN]   [?] Master Tracker.md
[2026-03-16 21:46:46] [WARN]   [?] Dashboard.md
[2026-03-16 21:46:46] [WARN]   [?] Daily Log.md
[2026-03-16 21:46:46] [INFO]   [+] roadmap.md
[2026-03-16 21:46:46] [INFO]   [+] strategies.md
[2026-03-16 21:46:46] [INFO]   [+] system-architecture.md
[2026-03-16 21:46:46] [INFO] No changes
[2026-03-16 21:46:46] [INFO] === Complete ===
[2026-03-16 21:51:46] [INFO] === Brain Sync ===
[2026-03-16 21:51:46] [WARN]   [?] Master Tracker.md
[2026-03-16 21:51:46] [WARN]   [?] Dashboard.md
[2026-03-16 21:51:46] [WARN]   [?] Daily Log.md
[2026-03-16 21:51:46] [INFO]   [+] roadmap.md
[2026-03-16 21:51:46] [INFO]   [+] strategies.md
[2026-03-16 21:51:46] [INFO]   [+] system-architecture.md
[2026-03-16 21:51:46] [INFO] No changes
[2026-03-16 21:51:46] [INFO] === Complete ===
[2026-03-16 21:56:46] [INFO] === Brain Sync ===
[2026-03-16 21:56:46] [WARN]   [?] Master Tracker.md
[2026-03-16 21:56:46] [WARN]   [?] Dashboard.md
[2026-03-16 21:56:46] [WARN]   [?] Daily Log.md
[2026-03-16 21:56:46] [INFO]   [+] roadmap.md
[2026-03-16 21:56:46] [INFO]   [+] strategies.md
[2026-03-16 21:56:46] [INFO]   [+] system-architecture.md
[2026-03-16 21:56:46] [INFO] No changes
[2026-03-16 21:56:46] [INFO] === Complete ===
[2026-03-16 22:01:46] [INFO] === Brain Sync ===
[2026-03-16 22:01:46] [WARN]   [?] Master Tracker.md
[2026-03-16 22:01:46] [WARN]   [?] Dashboard.md
[2026-03-16 22:01:46] [WARN]   [?] Daily Log.md
[2026-03-16 22:01:46] [INFO]   [+] roadmap.md
[2026-03-16 22:01:46] [INFO]   [+] strategies.md
[2026-03-16 22:01:46] [INFO]   [+] system-architecture.md
[2026-03-16 22:01:46] [INFO] No changes
[2026-03-16 22:01:46] [INFO] === Complete ===
[2026-03-16 22:06:46] [INFO] === Brain Sync ===
[2026-03-16 22:06:46] [WARN]   [?] Master Tracker.md
[2026-03-16 22:06:46] [WARN]   [?] Dashboard.md
[2026-03-16 22:06:46] [WARN]   [?] Daily Log.md
[2026-03-16 22:06:46] [INFO]   [+] roadmap.md
[2026-03-16 22:06:46] [INFO]   [+] strategies.md
[2026-03-16 22:06:46] [INFO]   [+] system-architecture.md
[2026-03-16 22:06:46] [INFO] No changes
[2026-03-16 22:06:46] [INFO] === Complete ===
[2026-03-16 22:11:46] [INFO] === Brain Sync ===
[2026-03-16 22:11:46] [WARN]   [?] Master Tracker.md
[2026-03-16 22:11:46] [WARN]   [?] Dashboard.md
[2026-03-16 22:11:46] [WARN]   [?] Daily Log.md
[2026-03-16 22:11:46] [INFO]   [+] roadmap.md
[2026-03-16 22:11:46] [INFO]   [+] strategies.md
[2026-03-16 22:11:46] [INFO]   [+] system-architecture.md
[2026-03-16 22:11:46] [INFO] No changes
[2026-03-16 22:11:46] [INFO] === Complete ===
[2026-03-16 22:16:46] [INFO] === Brain Sync ===
[2026-03-16 22:16:46] [WARN]   [?] Master Tracker.md
[2026-03-16 22:16:46] [WARN]   [?] Dashboard.md
[2026-03-16 22:16:46] [WARN]   [?] Daily Log.md
[2026-03-16 22:16:46] [INFO]   [+] roadmap.md
[2026-03-16 22:16:46] [INFO]   [+] strategies.md
[2026-03-16 22:16:46] [INFO]   [+] system-architecture.md
[2026-03-16 22:16:46] [INFO] No changes
[2026-03-16 22:16:46] [INFO] === Complete ===
[2026-03-16 22:21:46] [INFO] === Brain Sync ===
[2026-03-16 22:21:46] [WARN]   [?] Master Tracker.md
[2026-03-16 22:21:46] [WARN]   [?] Dashboard.md
[2026-03-16 22:21:46] [WARN]   [?] Daily Log.md
[2026-03-16 22:21:46] [INFO]   [+] roadmap.md
[2026-03-16 22:21:46] [INFO]   [+] strategies.md
[2026-03-16 22:21:46] [INFO]   [+] system-architecture.md
[2026-03-16 22:21:46] [INFO] No changes
[2026-03-16 22:21:46] [INFO] === Complete ===
[2026-03-16 22:26:46] [INFO] === Brain Sync ===
[2026-03-16 22:26:46] [WARN]   [?] Master Tracker.md
[2026-03-16 22:26:46] [WARN]   [?] Dashboard.md
[2026-03-16 22:26:46] [WARN]   [?] Daily Log.md
[2026-03-16 22:26:46] [INFO]   [+] roadmap.md
[2026-03-16 22:26:46] [INFO]   [+] strategies.md
[2026-03-16 22:26:46] [INFO]   [+] system-architecture.md
[2026-03-16 22:26:46] [INFO] No changes
[2026-03-16 22:26:46] [INFO] === Complete ===
[2026-03-16 22:31:46] [INFO] === Brain Sync ===
[2026-03-16 22:31:46] [WARN]   [?] Master Tracker.md
[2026-03-16 22:31:46] [WARN]   [?] Dashboard.md
[2026-03-16 22:31:46] [WARN]   [?] Daily Log.md
[2026-03-16 22:31:46] [INFO]   [+] roadmap.md
[2026-03-16 22:31:46] [INFO]   [+] strategies.md
[2026-03-16 22:31:46] [INFO]   [+] system-architecture.md
[2026-03-16 22:31:46] [INFO] No changes
[2026-03-16 22:31:46] [INFO] === Complete ===
[2026-03-16 22:36:46] [INFO] === Brain Sync ===
[2026-03-16 22:36:46] [WARN]   [?] Master Tracker.md
[2026-03-16 22:36:46] [WARN]   [?] Dashboard.md
[2026-03-16 22:36:46] [WARN]   [?] Daily Log.md
[2026-03-16 22:36:46] [INFO]   [+] roadmap.md
[2026-03-16 22:36:46] [INFO]   [+] strategies.md
[2026-03-16 22:36:46] [INFO]   [+] system-architecture.md
[2026-03-16 22:36:46] [INFO] No changes
[2026-03-16 22:36:46] [INFO] === Complete ===
[2026-03-16 22:41:46] [INFO] === Brain Sync ===
[2026-03-16 22:41:46] [WARN]   [?] Master Tracker.md
[2026-03-16 22:41:46] [WARN]   [?] Dashboard.md
[2026-03-16 22:41:46] [WARN]   [?] Daily Log.md
[2026-03-16 22:41:46] [INFO]   [+] roadmap.md
[2026-03-16 22:41:46] [INFO]   [+] strategies.md
[2026-03-16 22:41:46] [INFO]   [+] system-architecture.md
[2026-03-16 22:41:46] [INFO] No changes
[2026-03-16 22:41:46] [INFO] === Complete ===
[2026-03-16 22:46:46] [INFO] === Brain Sync ===
[2026-03-16 22:46:46] [WARN]   [?] Master Tracker.md
[2026-03-16 22:46:46] [WARN]   [?] Dashboard.md
[2026-03-16 22:46:46] [WARN]   [?] Daily Log.md
[2026-03-16 22:46:46] [INFO]   [+] roadmap.md
[2026-03-16 22:46:46] [INFO]   [+] strategies.md
[2026-03-16 22:46:46] [INFO]   [+] system-architecture.md
[2026-03-16 22:46:46] [INFO] No changes
[2026-03-16 22:46:46] [INFO] === Complete ===
[2026-03-16 22:51:46] [INFO] === Brain Sync ===
[2026-03-16 22:51:46] [WARN]   [?] Master Tracker.md
[2026-03-16 22:51:46] [WARN]   [?] Dashboard.md
[2026-03-16 22:51:46] [WARN]   [?] Daily Log.md
[2026-03-16 22:51:46] [INFO]   [+] roadmap.md
[2026-03-16 22:51:46] [INFO]   [+] strategies.md
[2026-03-16 22:51:46] [INFO]   [+] system-architecture.md
[2026-03-16 22:51:46] [INFO] No changes
[2026-03-16 22:51:46] [INFO] === Complete ===
[2026-03-16 22:56:46] [INFO] === Brain Sync ===
[2026-03-16 22:56:46] [WARN]   [?] Master Tracker.md
[2026-03-16 22:56:46] [WARN]   [?] Dashboard.md
[2026-03-16 22:56:46] [WARN]   [?] Daily Log.md
[2026-03-16 22:56:46] [INFO]   [+] roadmap.md
[2026-03-16 22:56:46] [INFO]   [+] strategies.md
[2026-03-16 22:56:46] [INFO]   [+] system-architecture.md
[2026-03-16 22:56:46] [INFO] No changes
[2026-03-16 22:56:46] [INFO] === Complete ===
[2026-03-16 23:01:46] [INFO] === Brain Sync ===
[2026-03-16 23:01:46] [WARN]   [?] Master Tracker.md
[2026-03-16 23:01:46] [WARN]   [?] Dashboard.md
[2026-03-16 23:01:46] [WARN]   [?] Daily Log.md
[2026-03-16 23:01:46] [INFO]   [+] roadmap.md
[2026-03-16 23:01:46] [INFO]   [+] strategies.md
[2026-03-16 23:01:46] [INFO]   [+] system-architecture.md
[2026-03-16 23:01:46] [INFO] No changes
[2026-03-16 23:01:46] [INFO] === Complete ===
[2026-03-16 23:06:46] [INFO] === Brain Sync ===
[2026-03-16 23:06:46] [WARN]   [?] Master Tracker.md
[2026-03-16 23:06:46] [WARN]   [?] Dashboard.md
[2026-03-16 23:06:46] [WARN]   [?] Daily Log.md
[2026-03-16 23:06:46] [INFO]   [+] roadmap.md
[2026-03-16 23:06:46] [INFO]   [+] strategies.md
[2026-03-16 23:06:46] [INFO]   [+] system-architecture.md
[2026-03-16 23:06:46] [INFO] No changes
[2026-03-16 23:06:46] [INFO] === Complete ===
[2026-03-16 23:11:46] [INFO] === Brain Sync ===
[2026-03-16 23:11:46] [WARN]   [?] Master Tracker.md
[2026-03-16 23:11:46] [WARN]   [?] Dashboard.md
[2026-03-16 23:11:46] [WARN]   [?] Daily Log.md
[2026-03-16 23:11:46] [INFO]   [+] roadmap.md
[2026-03-16 23:11:46] [INFO]   [+] strategies.md
[2026-03-16 23:11:46] [INFO]   [+] system-architecture.md
[2026-03-16 23:11:46] [INFO] No changes
[2026-03-16 23:11:46] [INFO] === Complete ===
[2026-03-16 23:16:46] [INFO] === Brain Sync ===
[2026-03-16 23:16:46] [WARN]   [?] Master Tracker.md
[2026-03-16 23:16:46] [WARN]   [?] Dashboard.md
[2026-03-16 23:16:46] [WARN]   [?] Daily Log.md
[2026-03-16 23:16:46] [INFO]   [+] roadmap.md
[2026-03-16 23:16:46] [INFO]   [+] strategies.md
[2026-03-16 23:16:46] [INFO]   [+] system-architecture.md
[2026-03-16 23:16:46] [INFO] No changes
[2026-03-16 23:16:46] [INFO] === Complete ===
[2026-03-16 23:21:46] [INFO] === Brain Sync ===
[2026-03-16 23:21:46] [WARN]   [?] Master Tracker.md
[2026-03-16 23:21:46] [WARN]   [?] Dashboard.md
[2026-03-16 23:21:46] [WARN]   [?] Daily Log.md
[2026-03-16 23:21:46] [INFO]   [+] roadmap.md
[2026-03-16 23:21:46] [INFO]   [+] strategies.md
[2026-03-16 23:21:46] [INFO]   [+] system-architecture.md
[2026-03-16 23:21:46] [INFO] No changes
[2026-03-16 23:21:46] [INFO] === Complete ===
[2026-03-16 23:26:46] [INFO] === Brain Sync ===
[2026-03-16 23:26:46] [WARN]   [?] Master Tracker.md
[2026-03-16 23:26:46] [WARN]   [?] Dashboard.md
[2026-03-16 23:26:46] [WARN]   [?] Daily Log.md
[2026-03-16 23:26:46] [INFO]   [+] roadmap.md
[2026-03-16 23:26:46] [INFO]   [+] strategies.md
[2026-03-16 23:26:46] [INFO]   [+] system-architecture.md
[2026-03-16 23:26:46] [INFO] No changes
[2026-03-16 23:26:46] [INFO] === Complete ===
[2026-03-16 23:31:46] [INFO] === Brain Sync ===
[2026-03-16 23:31:46] [WARN]   [?] Master Tracker.md
[2026-03-16 23:31:46] [WARN]   [?] Dashboard.md
[2026-03-16 23:31:46] [WARN]   [?] Daily Log.md
[2026-03-16 23:31:46] [INFO]   [+] roadmap.md
[2026-03-16 23:31:46] [INFO]   [+] strategies.md
[2026-03-16 23:31:46] [INFO]   [+] system-architecture.md
[2026-03-16 23:31:46] [INFO] No changes
[2026-03-16 23:31:46] [INFO] === Complete ===
[2026-03-16 23:36:46] [INFO] === Brain Sync ===
[2026-03-16 23:36:46] [WARN]   [?] Master Tracker.md
[2026-03-16 23:36:46] [WARN]   [?] Dashboard.md
[2026-03-16 23:36:46] [WARN]   [?] Daily Log.md
[2026-03-16 23:36:46] [INFO]   [+] roadmap.md
[2026-03-16 23:36:46] [INFO]   [+] strategies.md
[2026-03-16 23:36:46] [INFO]   [+] system-architecture.md
[2026-03-16 23:36:46] [INFO] No changes
[2026-03-16 23:36:46] [INFO] === Complete ===
[2026-03-16 23:41:46] [INFO] === Brain Sync ===
[2026-03-16 23:41:46] [WARN]   [?] Master Tracker.md
[2026-03-16 23:41:46] [WARN]   [?] Dashboard.md
[2026-03-16 23:41:46] [WARN]   [?] Daily Log.md
[2026-03-16 23:41:46] [INFO]   [+] roadmap.md
[2026-03-16 23:41:46] [INFO]   [+] strategies.md
[2026-03-16 23:41:46] [INFO]   [+] system-architecture.md
[2026-03-16 23:41:46] [INFO] No changes
[2026-03-16 23:41:46] [INFO] === Complete ===
[2026-03-16 23:46:46] [INFO] === Brain Sync ===
[2026-03-16 23:46:46] [WARN]   [?] Master Tracker.md
[2026-03-16 23:46:46] [WARN]   [?] Dashboard.md
[2026-03-16 23:46:46] [WARN]   [?] Daily Log.md
[2026-03-16 23:46:46] [INFO]   [+] roadmap.md
[2026-03-16 23:46:46] [INFO]   [+] strategies.md
[2026-03-16 23:46:46] [INFO]   [+] system-architecture.md
[2026-03-16 23:46:47] [INFO] Pushed
[2026-03-16 23:46:47] [INFO] === Complete ===
